用户ID,性别,所在城市,消费水平,年龄,最近活跃天数,t-SNE_X,t-SNE_Y
USER_00001,男,其他,中,18,8,125.426254,-42.94676
USER_00002,男,其他,中,35,61,34.232433,51.47448
USER_00003,男,其他,低,25,10,-62.48848,14.469527
USER_00004,男,其他,中,25,17,99.10344,74.365486
USER_00005,女,北京,中,23,76,61.21381,-16.405998
USER_00006,男,其他,中,16,2,107.07465,-71.51139
USER_00007,女,上海,高,33,5,-37.89325,-93.357735
USER_00008,女,深圳,高,49,34,-12.987561,-54.181797
USER_00009,男,其他,中,16,36,107.07465,-71.51139
USER_00010,女,上海,低,45,74,-108.95197,26.264704
USER_00011,女,其他,中,19,15,107.97381,-35.09787
USER_00012,女,深圳,中,16,39,107.07465,-71.51139
USER_00013,男,其他,高,38,65,-48.88917,-76.41528
USER_00014,女,北京,中,42,6,-25.893475,-4.150865
USER_00015,女,其他,中,29,19,-12.210461,123.49526
USER_00016,女,其他,低,27,31,-82.568146,-1.860264
USER_00017,男,其他,中,49,34,-17.12805,93.383675
USER_00018,女,深圳,高,49,5,-12.987561,-54.181797
USER_00019,男,其他,中,42,14,-25.893475,-4.150865
USER_00020,男,其他,中,32,4,-31.214222,-24.282516
USER_00021,男,上海,低,38,102,-112.99616,9.851987
USER_00022,女,上海,低,45,38,-108.95197,26.264704
USER_00023,女,其他,中,28,27,31.403873,104.29207
USER_00024,女,其他,高,27,35,-6.1413774,-108.69722
USER_00025,男,上海,高,37,19,-3.6640575,-95.83349
USER_00026,女,其他,中,30,178,46.168816,-52.94242
USER_00027,未透露,上海,中,19,1,107.97381,-35.09787
USER_00028,女,其他,高,20,16,-17.021952,-123.85511
USER_00029,女,上海,高,36,13,-24.33584,-83.17802
USER_00030,女,其他,中,31,65,9.299118,-13.703472
USER_00031,男,其他,中,21,90,85.25358,-6.5250244
USER_00032,男,上海,高,32,44,-28.847569,-93.19896
USER_00033,女,北京,中,39,9,-41.5711,112.001396
USER_00034,女,深圳,低,17,7,-79.25385,-10.569678
USER_00035,男,北京,中,27,53,100.900345,27.300127
USER_00036,女,其他,中,38,13,15.514599,72.17735
USER_00037,男,其他,低,16,21,-70.35688,40.948845
USER_00038,女,其他,低,46,75,-132.62169,10.051375
USER_00039,女,北京,高,34,0,-34.415714,-80.198395
USER_00040,男,其他,高,42,8,-36.994297,-67.67842
USER_00041,女,其他,中,40,13,-30.78691,20.174217
USER_00042,男,其他,中,20,94,87.046295,-27.384584
USER_00043,女,其他,高,21,13,-21.05335,-115.82338
USER_00044,未透露,深圳,低,22,49,-74.50233,16.755346
USER_00045,女,其他,中,16,64,118.63883,-63.10457
USER_00046,男,北京,中,31,9,9.299118,-13.703472
USER_00047,女,其他,低,30,170,-92.34979,17.059141
USER_00048,未透露,其他,中,40,24,-28.671156,22.919964
USER_00049,女,广州,高,40,59,-36.929497,-57.776608
USER_00050,女,北京,中,33,230,33.917343,-13.591294
USER_00051,男,其他,低,42,60,-130.1752,-7.5683537
USER_00052,男,广州,低,44,83,-108.87685,17.147974
USER_00053,女,其他,中,49,52,-21.587358,92.52473
USER_00054,女,其他,低,32,20,-122.47406,-14.483615
USER_00055,男,北京,中,31,39,9.299118,-13.703472
USER_00056,男,其他,高,25,1,-34.173496,-134.54613
USER_00057,女,深圳,高,50,12,4.917255,-46.262367
USER_00058,女,北京,高,33,37,-42.21818,-89.57823
USER_00059,女,其他,中,32,19,-26.665398,-22.713238
USER_00060,女,广州,中,37,4,69.0461,32.68036
USER_00061,男,其他,低,22,9,-74.50233,16.755346
USER_00062,男,上海,中,51,62,-17.332088,56.585384
USER_00063,女,广州,低,36,47,-125.58497,5.3465714
USER_00064,男,上海,中,51,70,-18.946741,54.333313
USER_00065,男,北京,高,35,5,-17.325556,-79.72197
USER_00066,女,湛江,高,54,28,2.758684,-68.646866
USER_00067,男,其他,中,30,49,46.168816,-52.94242
USER_00068,女,其他,中,26,8,67.910416,101.37748
USER_00069,男,其他,高,39,42,-16.499233,-90.88945
USER_00070,男,其他,中,33,39,33.917343,-13.591294
USER_00071,女,深圳,低,26,19,-71.029564,0.56760836
USER_00072,女,北京,低,34,16,-104.28934,9.495915
USER_00073,男,其他,中,36,81,37.474865,31.69634
USER_00074,男,上海,中,38,82,18.677189,72.223145
USER_00075,未透露,深圳,中,23,133,61.21381,-16.405998
USER_00076,女,深圳,中,45,70,10.50643,43.047108
USER_00077,男,其他,中,25,112,99.10344,74.365486
USER_00078,男,北京,低,43,4,-119.633644,19.997292
USER_00079,男,其他,低,54,29,-115.70518,29.095238
USER_00080,男,广州,中,44,69,-6.174726,36.00521
USER_00081,女,其他,高,23,39,-38.03914,-108.168335
USER_00082,男,其他,中,31,6,9.299118,-13.703472
USER_00083,男,其他,中,26,86,67.910416,101.37748
USER_00084,女,北京,高,49,215,-12.987561,-54.181797
USER_00085,男,深圳,低,24,4,-58.6458,-1.4475782
USER_00086,女,其他,中,48,118,7.842109,84.871414
USER_00087,男,湛江,高,34,6,-34.415714,-80.198395
USER_00088,男,其他,中,31,43,9.299118,-13.703472
USER_00089,未透露,深圳,中,27,165,100.900345,27.300127
USER_00090,男,其他,高,37,110,-0.50710833,-96.22851
USER_00091,女,其他,高,37,37,0.8231365,-93.32607
USER_00092,女,其他,中,32,49,-31.214222,-24.282516
USER_00093,女,其他,高,40,48,-39.802666,-59.31189
USER_00094,男,上海,中,43,21,6.9144645,22.476883
USER_00095,女,北京,低,16,84,-67.55351,48.889828
USER_00096,女,上海,低,36,86,-127.68632,2.7309577
USER_00097,女,其他,中,40,100,-28.671156,22.919964
USER_00098,男,北京,中,30,83,45.21635,-57.917717
USER_00099,未透露,上海,中,36,92,37.474865,31.69634
USER_00100,女,湛江,中,30,15,46.168816,-52.94242
USER_00101,男,其他,低,50,144,-113.50981,36.518986
USER_00102,女,上海,中,35,6,34.232433,51.47448
USER_00103,未透露,其他,中,44,22,-3.606902,37.952744
USER_00104,男,其他,中,50,73,-18.113855,66.59979
USER_00105,女,其他,中,44,25,-1.3270233,32.320293
USER_00106,男,北京,中,33,48,33.917343,-13.591294
USER_00107,女,上海,高,16,28,0.19518286,-136.81065
USER_00108,女,广州,中,49,76,-17.12805,93.383675
USER_00109,男,其他,低,31,14,-110.33679,-4.3322916
USER_00110,男,其他,中,41,19,-4.0464582,9.415249
USER_00111,女,上海,高,18,21,-49.427845,-112.87016
USER_00112,女,湛江,中,37,9,69.0461,32.68036
USER_00113,男,北京,高,22,4,-29.879694,-116.13581
USER_00114,男,湛江,中,25,22,99.10344,74.365486
USER_00115,女,其他,高,38,4,-48.88917,-76.41528
USER_00116,女,其他,高,54,16,2.758684,-68.646866
USER_00117,女,其他,高,25,33,-34.173496,-134.54613
USER_00118,女,深圳,中,17,68,127.74045,-11.119525
USER_00119,男,上海,中,32,37,-31.214222,-24.282516
USER_00120,男,深圳,中,43,13,12.751948,22.955542
USER_00121,男,深圳,高,19,19,-9.368627,-124.51353
USER_00122,男,其他,中,24,56,94.596466,102.68166
USER_00123,女,湛江,高,60,68,16.817636,-76.37321
USER_00124,男,北京,中,44,22,-4.7333207,31.459026
USER_00125,女,其他,中,32,13,-32.810585,-16.266241
USER_00126,男,上海,中,33,8,33.917343,-13.591294
USER_00127,男,广州,高,16,201,0.19518286,-136.81065
USER_00128,男,深圳,低,40,100,-101.95494,32.7456
USER_00129,女,上海,高,45,40,-18.678196,-67.93684
USER_00130,女,广州,中,34,10,26.95967,12.206547
USER_00131,男,深圳,中,26,47,67.910416,101.37748
USER_00132,男,其他,高,39,32,-13.661929,-93.97734
USER_00133,女,北京,中,24,57,94.596466,102.68166
USER_00134,女,其他,中,41,26,-4.0464582,9.415249
USER_00135,男,其他,低,34,9,-104.28934,9.495915
USER_00136,男,其他,中,33,92,33.917343,-13.591294
USER_00137,男,其他,中,28,84,28.757946,111.59174
USER_00138,女,其他,中,28,104,31.403873,104.29207
USER_00139,男,其他,中,23,17,61.21381,-16.405998
USER_00140,女,其他,中,16,114,107.07465,-71.51139
USER_00141,男,其他,低,21,140,-78.35728,10.650415
USER_00142,女,广州,高,35,79,-16.10441,-77.10383
USER_00143,女,其他,低,26,18,-71.029564,0.56760836
USER_00144,男,其他,高,49,42,-12.987561,-54.181797
USER_00145,女,其他,中,47,8,85.58772,42.2937
USER_00146,男,其他,中,26,51,67.910416,101.37748
USER_00147,女,其他,中,19,119,107.97381,-35.09787
USER_00148,女,深圳,中,25,147,94.13493,73.79799
USER_00149,男,其他,中,29,102,-12.210461,123.49526
USER_00150,女,其他,中,32,127,-26.665398,-22.713238
USER_00151,女,上海,中,16,66,107.07465,-71.51139
USER_00152,女,其他,中,54,6,-8.444081,51.438786
USER_00153,未透露,其他,高,62,25,15.572701,-82.9829
USER_00154,男,广州,低,38,0,-112.99616,9.851987
USER_00155,男,深圳,中,29,21,-12.210461,123.49526
USER_00156,女,湛江,中,39,30,-32.041958,114.76661
USER_00157,男,上海,中,41,22,-4.0464582,9.415249
USER_00158,女,其他,高,45,54,-16.560528,-65.049194
USER_00159,男,其他,高,22,288,-29.879694,-116.13581
USER_00160,女,其他,高,37,69,-4.2626376,-92.6892
USER_00161,男,其他,中,62,3,-20.017715,1.1534117
USER_00162,女,湛江,中,18,29,125.426254,-42.94676
USER_00163,男,其他,高,35,146,-11.359903,-79.15038
USER_00164,男,广州,中,28,26,31.403873,104.29207
USER_00165,男,上海,中,30,12,46.168816,-52.94242
USER_00166,男,其他,高,32,5,-29.109936,-95.65259
USER_00167,女,上海,中,27,13,100.900345,27.300127
USER_00168,女,其他,低,29,25,-92.91336,-14.929537
USER_00169,女,上海,中,16,111,107.07465,-71.51139
USER_00170,女,广州,中,53,23,-9.516764,61.96181
USER_00171,女,上海,中,46,28,18.72614,35.324467
USER_00172,男,其他,中,16,7,107.07465,-71.51139
USER_00173,女,湛江,低,27,1,-85.221886,-1.0665822
USER_00174,男,其他,中,48,14,7.842109,84.871414
USER_00175,男,其他,低,16,15,-67.55351,48.889828
USER_00176,男,其他,高,33,42,-42.85178,-95.72639
USER_00177,男,其他,中,26,0,67.910416,101.37748
USER_00178,男,其他,低,38,45,-112.99616,9.851987
USER_00179,女,其他,高,30,24,-51.395477,-96.57315
USER_00180,女,北京,高,56,66,11.955889,-63.9056
USER_00181,男,其他,中,16,21,107.07465,-71.51139
USER_00182,女,广州,中,22,32,71.09121,-0.3871554
USER_00183,女,其他,中,39,2,-32.041958,114.76661
USER_00184,女,其他,中,16,73,120.62695,-76.30434
USER_00185,男,北京,中,55,28,-0.5663317,52.603
USER_00186,男,其他,中,31,59,9.299118,-13.703472
USER_00187,男,其他,中,16,39,107.07465,-71.51139
USER_00188,女,其他,低,29,53,-89.33861,-17.143164
USER_00189,女,其他,中,16,219,107.07465,-71.51139
USER_00190,女,北京,中,31,129,9.299118,-13.703472
USER_00191,男,其他,低,37,177,-97.25526,0.38370714
USER_00192,女,湛江,低,29,93,-90.90186,-19.239647
USER_00193,男,其他,高,29,6,-18.173294,-103.11504
USER_00194,男,其他,中,38,64,23.065653,68.983475
USER_00195,男,广州,中,24,49,100.85819,98.43924
USER_00196,女,其他,中,44,1,-4.7333207,31.459026
USER_00197,女,北京,低,40,80,-101.95494,32.7456
USER_00198,未透露,深圳,中,32,25,-31.214222,-24.282516
USER_00199,男,其他,低,16,66,-67.55351,48.889828
USER_00200,男,北京,中,16,16,107.07465,-71.51139
USER_00201,男,上海,高,26,56,-26.650738,-125.1687
USER_00202,男,其他,中,17,4,127.74045,-11.119525
USER_00203,男,其他,低,59,9,-105.25188,-15.338283
USER_00204,未透露,上海,低,24,52,-61.88927,-1.312257
USER_00205,女,其他,中,25,10,99.10344,74.365486
USER_00206,女,深圳,高,24,173,-38.92532,-121.98636
USER_00207,女,其他,低,27,70,-82.568146,-1.860264
USER_00208,女,上海,低,17,12,-79.25385,-10.569678
USER_00209,男,其他,中,21,104,85.25358,-6.5250244
USER_00210,男,北京,低,33,155,-106.76912,1.8863971
USER_00211,女,其他,中,21,26,85.25358,-6.5250244
USER_00212,男,上海,中,33,34,33.917343,-13.591294
USER_00213,男,上海,中,16,44,118.63883,-63.10457
USER_00214,女,广州,中,21,41,85.25358,-6.5250244
USER_00215,男,其他,中,43,100,6.870043,19.630339
USER_00216,女,其他,中,37,56,69.0461,32.68036
USER_00217,女,其他,高,40,68,-36.929497,-57.776608
USER_00218,男,其他,低,21,35,-78.01596,7.038831
USER_00219,男,广州,中,32,15,-32.810585,-16.266241
USER_00220,女,其他,中,33,5,33.917343,-13.591294
USER_00221,女,其他,低,46,134,-133.33456,12.593263
USER_00222,男,其他,中,16,3,107.07465,-71.51139
USER_00223,男,其他,高,16,48,0.19518286,-136.81065
USER_00224,男,其他,低,43,173,-119.633644,19.997292
USER_00225,女,北京,中,30,73,46.168816,-52.94242
USER_00226,女,深圳,中,16,292,107.07465,-71.51139
USER_00227,男,湛江,高,39,12,-16.499233,-90.88945
USER_00228,男,其他,中,43,15,12.188732,25.809372
USER_00229,未透露,上海,中,30,50,46.168816,-52.94242
USER_00230,男,广州,低,39,26,-100.891174,-19.127865
USER_00231,女,上海,中,32,22,-26.665398,-22.713238
USER_00232,女,湛江,低,29,10,-92.71036,-17.435673
USER_00233,女,其他,中,37,49,69.0461,32.68036
USER_00234,男,北京,低,39,47,-104.81801,-22.640247
USER_00235,女,湛江,高,49,28,-12.987561,-54.181797
USER_00236,男,湛江,高,22,43,-29.879694,-116.13581
USER_00237,男,其他,中,28,3,31.403873,104.29207
USER_00238,男,湛江,中,31,17,9.299118,-13.703472
USER_00239,女,其他,中,31,5,9.299118,-13.703472
USER_00240,男,其他,高,25,34,-31.613834,-131.30898
USER_00241,女,其他,中,21,21,85.25358,-6.5250244
USER_00242,男,北京,中,32,7,-32.810585,-16.266241
USER_00243,女,其他,低,26,5,-71.029564,0.56760836
USER_00244,女,其他,高,26,137,-26.650738,-125.1687
USER_00245,男,其他,中,36,80,37.474865,31.69634
USER_00246,男,其他,高,40,112,-40.82584,-53.74479
USER_00247,女,其他,中,36,65,37.474865,31.69634
USER_00248,男,北京,中,58,8,4.4624796,68.19152
USER_00249,女,上海,低,19,77,-76.223,-18.918837
USER_00250,女,湛江,中,25,63,94.13493,73.79799
USER_00251,男,其他,低,18,57,-69.685974,-12.358599
USER_00252,男,北京,中,38,31,20.01681,66.16149
USER_00253,女,其他,中,16,23,107.07465,-71.51139
USER_00254,未透露,北京,低,21,43,-80.83521,10.332262
USER_00255,男,其他,中,16,44,118.63883,-63.10457
USER_00256,女,上海,中,25,49,94.13493,73.79799
USER_00257,女,北京,中,35,33,38.873756,50.858475
USER_00258,男,其他,中,28,36,35.63802,110.703285
USER_00259,男,其他,高,36,14,-25.121109,-85.82414
USER_00260,女,广州,中,30,7,41.42436,-51.722702
USER_00261,未透露,湛江,中,16,88,112.96597,-59.84326
USER_00262,男,上海,中,35,61,38.873756,50.858475
USER_00263,男,上海,高,57,32,1.2900182,-83.7016
USER_00264,女,其他,中,46,101,21.887024,35.631157
USER_00265,男,北京,中,32,137,-35.787666,-23.143623
USER_00266,男,北京,中,23,135,66.077286,-18.860039
USER_00267,男,其他,高,33,101,-39.5413,-96.04896
USER_00268,男,其他,中,37,54,72.46407,29.827566
USER_00269,男,北京,中,20,55,90.571526,-26.434437
USER_00270,未透露,北京,中,39,29,-35.660942,118.54498
USER_00271,女,上海,中,31,48,5.537355,-17.542442
USER_00272,女,其他,高,56,133,13.520197,-65.6848
USER_00273,女,其他,中,18,52,125.56022,-39.045845
USER_00274,男,其他,低,51,2,-119.21534,34.57194
USER_00275,未透露,深圳,低,36,67,-125.58497,5.3465714
USER_00276,女,深圳,中,49,55,-21.587358,92.52473
USER_00277,女,其他,中,47,6,85.58772,42.2937
USER_00278,女,北京,中,28,22,37.540916,100.45243
USER_00279,男,其他,中,16,23,113.627266,-75.04649
USER_00280,男,北京,中,28,55,28.04663,107.43214
USER_00281,女,湛江,中,32,32,-36.66574,-18.599697
USER_00282,男,广州,中,45,25,5.5571313,48.252785
USER_00283,女,其他,中,40,63,-26.27012,19.449148
USER_00284,未透露,北京,高,38,0,-44.816315,-76.758
USER_00285,女,其他,中,29,5,-8.86929,114.805466
USER_00286,女,上海,中,38,18,26.782183,74.44325
USER_00287,女,其他,中,50,15,-20.51356,65.78072
USER_00288,男,北京,高,41,57,-28.453264,-61.268997
USER_00289,男,其他,中,33,14,38.413197,-11.426087
USER_00290,未透露,湛江,低,20,39,-81.989784,27.923658
USER_00291,男,其他,低,46,107,-129.0905,13.177189
USER_00292,男,上海,中,36,26,34.844368,27.996016
USER_00293,女,其他,中,40,16,-27.409964,27.607931
USER_00294,女,深圳,中,23,5,66.077286,-18.860039
USER_00295,女,湛江,中,38,99,19.192423,77.8163
USER_00296,男,北京,高,38,51,-44.816315,-76.758
USER_00297,女,其他,中,49,34,-21.587358,92.52473
USER_00298,未透露,北京,中,16,25,100.75031,-73.14205
USER_00299,男,其他,中,35,43,37.158466,57.595284
USER_00300,男,北京,高,25,112,-34.173496,-134.54613
USER_00301,男,广州,中,24,36,96.83596,99.543106
USER_00302,男,其他,中,29,38,-8.578787,126.17113
USER_00303,女,其他,中,17,55,127.21406,-3.955026
USER_00304,未透露,其他,中,17,65,127.21406,-3.955026
USER_00305,男,北京,中,20,38,90.571526,-26.434437
USER_00306,男,湛江,中,39,21,-35.660942,118.54498
USER_00307,女,其他,低,25,8,-63.292316,11.135634
USER_00308,未透露,其他,中,16,92,123.35832,-67.254845
USER_00309,女,其他,高,33,87,-39.5413,-96.04896
USER_00310,女,其他,高,36,18,-25.121109,-85.82414
USER_00311,男,深圳,高,40,18,-34.520615,-55.37928
USER_00312,男,深圳,中,40,36,-26.27012,19.449148
USER_00313,女,湛江,低,27,133,-84.63734,-3.755924
USER_00314,男,其他,中,37,105,72.46407,29.827566
USER_00315,女,其他,中,25,25,92.491806,79.11625
USER_00316,男,其他,中,29,185,-11.435722,118.82397
USER_00317,女,其他,高,61,72,18.48204,-80.12935
USER_00318,男,其他,中,28,7,26.94325,104.031334
USER_00319,男,北京,高,38,28,-44.816315,-76.758
USER_00320,男,其他,中,32,5,-35.787666,-23.143623
USER_00321,女,上海,中,20,3,90.571526,-26.434437
USER_00322,女,湛江,高,50,263,3.8334987,-49.58278
USER_00323,男,其他,低,25,6,-63.292316,11.135634
USER_00324,男,北京,中,27,3,96.71852,26.639175
USER_00325,女,其他,低,16,48,-60.06165,46.52738
USER_00326,女,深圳,高,42,108,-39.203594,-66.8043
USER_00327,男,上海,中,46,66,21.887024,35.631157
USER_00328,女,北京,中,28,32,23.883636,102.73352
USER_00329,男,上海,中,33,12,29.335217,-16.004625
USER_00330,男,上海,低,18,80,-68.7343,-14.976455
USER_00331,未透露,湛江,高,16,93,3.8125732,-133.80492
USER_00332,男,湛江,高,60,19,14.407782,-78.364334
USER_00333,女,湛江,中,21,76,90.57314,-2.5228953
USER_00334,女,其他,中,16,18,106.20396,-64.67483
USER_00335,女,深圳,中,30,50,46.759113,-45.48304
USER_00336,女,其他,中,43,47,9.781826,21.411058
USER_00337,男,其他,高,33,57,-36.62363,-97.721054
USER_00338,男,北京,中,52,3,-29.35977,65.07077
USER_00339,男,北京,低,22,17,-75.23803,19.985508
USER_00340,男,其他,中,47,10,86.97073,38.258247
USER_00341,男,北京,中,22,1,70.70015,-3.8273005
USER_00342,男,其他,中,42,73,-26.574522,0.24932727
USER_00343,女,深圳,中,35,74,36.43351,54.37297
USER_00344,女,其他,高,20,172,-16.335608,-122.19768
USER_00345,女,广州,低,49,68,-99.41611,-11.552393
USER_00346,女,其他,高,53,20,-4.3064632,-63.88091
USER_00347,女,上海,中,16,47,113.627266,-75.04649
USER_00348,女,上海,高,16,10,3.8125732,-133.80492
USER_00349,女,其他,中,35,93,34.232433,51.47448
USER_00350,女,上海,中,35,30,38.873756,50.858475
USER_00351,女,其他,中,19,39,111.92231,-32.270523
USER_00352,未透露,其他,高,51,9,-2.876686,-52.149746
USER_00353,男,其他,低,32,91,-127.25868,-16.156458
USER_00354,女,其他,中,16,35,113.627266,-75.04649
USER_00355,男,其他,中,35,71,38.873756,50.858475
USER_00356,男,湛江,高,52,14,7.2344975,-56.240334
USER_00357,女,其他,高,60,11,13.83292,-74.77594
USER_00358,女,其他,中,26,10,73.37011,101.75408
USER_00359,男,其他,中,16,8,113.627266,-75.04649
USER_00360,男,其他,低,18,22,-68.7343,-14.976455
USER_00361,男,其他,低,16,26,-60.355824,42.910854
USER_00362,女,北京,中,49,21,-21.587358,92.52473
USER_00363,女,北京,中,58,3,6.9969077,68.0197
USER_00364,女,其他,中,28,46,25.214758,110.21268
USER_00365,女,其他,中,31,4,5.537355,-17.542442
USER_00366,男,广州,中,47,61,85.58772,42.2937
USER_00367,女,其他,中,26,28,73.37011,101.75408
USER_00368,男,上海,中,21,66,90.57314,-2.5228953
USER_00369,未透露,其他,中,54,77,-6.076531,52.89012
USER_00370,男,深圳,中,19,24,111.92231,-32.270523
USER_00371,女,其他,高,16,1,3.8125732,-133.80492
USER_00372,男,其他,中,17,36,127.21406,-3.955026
USER_00373,男,其他,中,44,92,-1.0851436,35.747723
USER_00374,男,其他,中,29,32,-11.435722,118.82397
USER_00375,男,北京,中,16,65,113.627266,-75.04649
USER_00376,女,上海,中,30,7,48.63317,-57.36262
USER_00377,女,其他,低,20,14,-81.88256,24.431343
USER_00378,女,上海,中,21,71,90.57314,-2.5228953
USER_00379,男,其他,高,25,3,-34.75533,-130.97945
USER_00380,女,北京,中,31,26,5.537355,-17.542442
USER_00381,男,其他,高,34,41,-36.152122,-82.741684
USER_00382,女,北京,中,33,15,31.081459,-9.360901
USER_00383,女,其他,中,18,41,125.56022,-39.045845
USER_00384,男,其他,中,38,21,16.914558,75.36315
USER_00385,男,上海,中,39,41,-35.660942,118.54498
USER_00386,女,北京,中,26,64,73.37011,101.75408
USER_00387,男,其他,中,31,33,5.537355,-17.542442
USER_00388,男,其他,低,22,55,-74.50233,16.755346
USER_00389,男,深圳,中,23,35,66.077286,-18.860039
USER_00390,女,湛江,高,32,77,-26.943789,-94.65696
USER_00391,男,上海,高,45,36,-13.146754,-69.80371
USER_00392,男,其他,低,22,102,-72.20394,19.696276
USER_00393,男,湛江,低,31,119,-113.34424,-3.928829
USER_00394,女,湛江,高,38,53,-44.22215,-73.350075
USER_00395,女,深圳,中,16,78,113.627266,-75.04649
USER_00396,女,其他,中,34,25,27.334946,5.2009134
USER_00397,女,其他,高,54,19,4.0239706,-66.153366
USER_00398,女,其他,中,39,205,-35.660942,118.54498
USER_00399,男,上海,高,50,8,3.8334987,-49.58278
USER_00400,男,其他,高,41,107,-29.120466,-64.156494
USER_00401,女,其他,低,35,55,-99.1213,22.347227
USER_00402,女,上海,低,31,27,-112.40561,-1.05668
USER_00403,男,北京,中,53,110,-9.516764,61.96181
USER_00404,男,其他,高,34,97,-31.60951,-79.13438
USER_00405,女,其他,中,28,86,28.04663,107.43214
USER_00406,男,深圳,中,16,88,98.978195,-77.253075
USER_00407,男,上海,中,25,21,92.491806,79.11625
USER_00408,男,其他,中,27,48,96.71852,26.639175
USER_00409,男,其他,中,32,6,-36.66574,-18.599697
USER_00410,女,广州,中,33,3,38.413197,-11.426087
USER_00411,男,其他,中,25,51,92.491806,79.11625
USER_00412,女,其他,中,41,11,-3.5900476,5.598407
USER_00413,男,广州,中,40,54,-27.409964,27.607931
USER_00414,男,其他,中,40,41,-27.409964,27.607931
USER_00415,男,深圳,中,33,23,38.413197,-11.426087
USER_00416,未透露,北京,中,45,2,11.417978,48.920803
USER_00417,女,其他,中,26,120,73.37011,101.75408
USER_00418,女,其他,高,51,164,-1.4290534,-54.153877
USER_00419,女,广州,低,39,5,-103.21676,-24.992535
USER_00420,女,其他,高,27,13,-6.1413774,-108.69722
USER_00421,男,湛江,中,16,17,112.96597,-59.84326
USER_00422,女,北京,低,41,95,-128.94913,26.980558
USER_00423,女,其他,低,40,1,-99.11467,34.820675
USER_00424,女,其他,低,24,36,-57.486244,4.1495533
USER_00425,男,其他,中,35,88,33.35412,55.70801
USER_00426,女,其他,中,39,28,-35.660942,118.54498
USER_00427,男,深圳,中,42,29,-29.973778,-2.4697645
USER_00428,女,其他,中,34,60,27.334946,5.2009134
USER_00429,男,其他,高,41,52,-28.453264,-61.268997
USER_00430,未透露,其他,中,16,35,113.627266,-75.04649
USER_00431,女,北京,中,26,2,73.37011,101.75408
USER_00432,男,广州,低,16,20,-67.24097,38.709854
USER_00433,女,上海,中,21,36,90.57314,-2.5228953
USER_00434,男,北京,中,23,1,66.077286,-18.860039
USER_00435,男,广州,低,37,17,-97.25526,0.38370714
USER_00436,女,深圳,高,64,47,20.050789,-73.58887
USER_00437,男,广州,中,31,60,5.537355,-17.542442
USER_00438,未透露,北京,中,44,25,-8.094296,30.31446
USER_00439,男,深圳,低,41,18,-128.94913,26.980558
USER_00440,女,其他,低,50,0,-115.630455,37.773052
USER_00441,女,北京,中,33,58,31.081459,-9.360901
USER_00442,男,深圳,中,24,23,96.83596,99.543106
USER_00443,男,深圳,中,38,55,16.868113,68.76759
USER_00444,女,深圳,中,29,0,-8.578787,126.17113
USER_00445,女,其他,中,36,6,34.844368,27.996016
USER_00446,女,北京,中,39,7,-35.660942,118.54498
USER_00447,男,深圳,中,64,2,-3.9470007,26.333479
USER_00448,男,其他,中,26,65,73.37011,101.75408
USER_00449,女,其他,中,54,16,-6.076531,52.89012
USER_00450,男,其他,中,23,80,66.077286,-18.860039
USER_00451,女,其他,低,16,43,-71.62803,47.980946
USER_00452,男,其他,中,23,58,66.077286,-18.860039
USER_00453,男,上海,中,20,1,90.571526,-26.434437
USER_00454,女,其他,中,26,3,73.37011,101.75408
USER_00455,男,广州,中,16,12,112.96597,-59.84326
USER_00456,未透露,湛江,中,47,7,85.58772,42.2937
USER_00457,女,北京,中,30,1,50.963444,-54.51836
USER_00458,男,深圳,高,36,1,-25.121109,-85.82414
USER_00459,女,湛江,中,30,109,50.819244,-51.09969
USER_00460,女,其他,低,34,17,-100.50693,9.341929
USER_00461,未透露,深圳,中,38,8,26.782183,74.44325
USER_00462,女,其他,中,16,89,97.32235,-65.656456
USER_00463,男,广州,中,16,169,113.627266,-75.04649
USER_00464,女,广州,中,21,7,90.57314,-2.5228953
USER_00465,男,其他,中,35,42,41.39646,57.452614
USER_00466,女,上海,中,42,2,-29.973778,-2.4697645
USER_00467,男,其他,中,35,101,37.158466,57.595284
USER_00468,男,其他,高,53,79,-0.21068306,-61.53536
USER_00469,男,其他,低,30,198,-92.34979,17.059141
USER_00470,女,其他,中,17,23,127.21406,-3.955026
USER_00471,男,上海,中,34,33,24.836948,2.4983063
USER_00472,女,其他,低,16,26,-68.86631,44.81378
USER_00473,女,其他,中,45,111,7.2567644,42.732487
USER_00474,男,其他,中,29,35,-11.435722,118.82397
USER_00475,女,其他,高,55,64,-2.55415,-73.627556
USER_00476,女,北京,中,29,22,-8.735213,121.93349
USER_00477,女,广州,中,25,0,92.491806,79.11625
USER_00478,女,其他,中,42,7,-29.973778,-2.4697645
USER_00479,女,其他,中,39,47,-35.660942,118.54498
USER_00480,男,湛江,高,37,26,-1.5364019,-91.14883
USER_00481,男,北京,中,33,147,32.682713,-18.363571
USER_00482,男,其他,中,30,17,41.42436,-51.722702
USER_00483,男,其他,中,29,3,-8.86929,114.805466
USER_00484,男,广州,中,32,16,-35.787666,-23.143623
USER_00485,女,其他,中,28,32,33.998005,97.58925
USER_00486,男,其他,低,39,46,-100.441246,-25.512749
USER_00487,男,其他,高,39,29,-16.45492,-93.90174
USER_00488,女,其他,高,44,57,-30.269611,-71.75626
USER_00489,男,其他,低,34,36,-100.50693,9.341929
USER_00490,男,其他,中,48,34,4.9844503,83.626564
USER_00491,男,北京,中,24,16,92.47882,105.897224
USER_00492,女,北京,低,32,0,-122.591835,-11.328014
USER_00493,男,其他,中,28,15,31.340723,99.94825
USER_00494,女,广州,中,22,111,64.25643,-1.463928
USER_00495,男,其他,中,31,24,5.537355,-17.542442
USER_00496,女,其他,高,55,9,-2.55415,-73.627556
USER_00497,女,其他,低,19,5,-74.64021,-20.716516
USER_00498,女,其他,高,44,22,-30.269611,-71.75626
USER_00499,未透露,其他,中,16,22,113.627266,-75.04649
USER_00500,男,北京,中,29,26,-11.435722,118.82397
USER_00501,女,其他,中,27,106,96.71852,26.639175
USER_00502,男,其他,中,57,17,71.55204,48.69651
USER_00503,男,其他,中,44,25,-3.8359258,34.59939
USER_00504,女,上海,中,16,16,102.87335,-61.13421
USER_00505,男,北京,高,16,90,3.8125732,-133.80492
USER_00506,男,深圳,中,33,0,34.803967,-8.482324
USER_00507,男,深圳,中,41,45,-0.61829877,7.4598317
USER_00508,男,湛江,低,16,36,-68.86631,44.81378
USER_00509,女,广州,中,33,186,37.63098,-7.180813
USER_00510,男,北京,中,50,82,-18.901428,69.02298
USER_00511,男,上海,高,50,36,3.8334987,-49.58278
USER_00512,男,深圳,高,23,17,-37.26251,-111.53305
USER_00513,女,其他,低,40,30,-101.43115,36.27323
USER_00514,男,广州,高,40,12,-40.447998,-56.572777
USER_00515,男,湛江,中,23,158,66.077286,-18.860039
USER_00516,女,其他,低,31,39,-116.06446,-5.3553543
USER_00517,未透露,北京,中,24,7,100.51816,103.17765
USER_00518,女,其他,中,24,7,100.51816,103.17765
USER_00519,女,其他,中,17,21,124.704704,-7.8527217
USER_00520,女,广州,中,42,110,-29.973778,-2.4697645
USER_00521,女,北京,高,18,158,-49.427845,-112.87016
USER_00522,女,上海,中,30,56,39.915016,-47.84136
USER_00523,男,广州,低,58,28,-116.36477,13.175149
USER_00524,男,上海,中,16,11,117.95903,-69.92462
USER_00525,男,其他,低,37,13,-95.748924,2.2449574
USER_00526,未透露,上海,低,36,263,-122.53104,3.647721
USER_00527,女,其他,中,26,45,70.63614,96.61094
USER_00528,男,其他,低,16,10,-64.65827,51.64218
USER_00529,女,其他,低,32,189,-124.02517,-17.276459
USER_00530,女,上海,中,38,63,28.780958,71.161674
USER_00531,男,其他,中,34,73,21.692644,8.42345
USER_00532,女,北京,高,17,22,2.0635214,-116.65863
USER_00533,女,上海,中,23,94,66.077286,-18.860039
USER_00534,女,北京,中,18,1,129.73837,-42.593143
USER_00535,女,其他,高,29,125,-18.173294,-103.11504
USER_00536,未透露,北京,中,16,23,102.17713,-66.60264
USER_00537,男,其他,低,33,22,-104.406746,1.8789525
USER_00538,女,上海,中,39,22,-40.76213,116.85704
USER_00539,女,上海,高,16,1,0.19518286,-136.81065
USER_00540,男,上海,低,32,16,-119.85878,-13.580634
USER_00541,未透露,其他,中,38,71,22.309544,79.41373
USER_00542,男,深圳,低,63,146,-126.561226,19.250448
USER_00543,女,深圳,中,27,11,100.11153,23.060814
USER_00544,女,上海,中,16,96,103.876854,-77.41301
USER_00545,男,北京,高,38,26,-47.194168,-79.61343
USER_00546,女,其他,中,40,59,-24.25267,23.764538
USER_00547,女,其他,高,45,16,-15.591382,-67.94712
USER_00548,男,北京,高,56,72,11.182089,-66.158394
USER_00549,男,深圳,中,23,18,66.077286,-18.860039
USER_00550,男,北京,中,19,170,111.871506,-36.26422
USER_00551,男,其他,中,28,18,34.296467,101.167694
USER_00552,男,其他,低,45,10,-108.95197,26.264704
USER_00553,男,其他,低,49,54,-101.01313,-10.795009
USER_00554,男,其他,中,16,9,115.398506,-81.24696
USER_00555,女,其他,低,16,62,-63.566376,40.719223
USER_00556,女,北京,中,41,35,-9.56046,5.715069
USER_00557,男,其他,低,44,30,-108.87685,17.147974
USER_00558,女,其他,中,43,98,9.620177,24.017832
USER_00559,男,其他,高,16,192,0.19518286,-136.81065
USER_00560,女,其他,中,17,41,124.704704,-7.8527217
USER_00561,女,湛江,中,37,66,71.86522,36.7147
USER_00562,男,北京,低,25,0,-63.292316,11.135634
USER_00563,女,其他,中,41,84,-7.967404,9.25143
USER_00564,女,其他,高,25,35,-30.39197,-134.49918
USER_00565,女,其他,高,34,25,-32.64938,-82.67237
USER_00566,男,其他,高,60,18,11.590848,-77.546394
USER_00567,男,其他,中,24,49,100.51816,103.17765
USER_00568,女,其他,低,41,0,-126.807236,28.829306
USER_00569,女,北京,中,19,21,111.871506,-36.26422
USER_00570,女,广州,中,18,25,129.73837,-42.593143
USER_00571,男,其他,中,53,20,-9.516764,61.96181
USER_00572,男,深圳,低,24,51,-60.450527,2.0366979
USER_00573,女,其他,高,50,5,1.8986245,-46.912952
USER_00574,男,广州,中,26,196,70.63614,96.61094
USER_00575,男,其他,高,50,60,6.95573,-48.635548
USER_00576,男,广州,中,24,15,100.51816,103.17765
USER_00577,男,湛江,中,43,172,6.5307646,25.285418
USER_00578,女,北京,高,25,151,-30.39197,-134.49918
USER_00579,男,北京,中,49,15,-21.587358,92.52473
USER_00580,男,其他,中,46,56,20.547916,32.807842
USER_00581,女,其他,中,39,100,-40.76213,116.85704
USER_00582,女,北京,高,22,144,-28.607351,-113.24878
USER_00583,女,其他,中,51,56,-20.078306,57.550407
USER_00584,男,北京,中,40,14,-24.25267,23.764538
USER_00585,男,其他,中,27,55,100.11153,23.060814
USER_00586,未透露,北京,高,37,28,-1.8219923,-93.84972
USER_00587,男,其他,低,16,28,-67.01963,41.980938
USER_00588,女,北京,中,26,47,70.63614,96.61094
USER_00589,女,上海,中,36,0,32.820442,32.584118
USER_00590,男,上海,中,38,14,23.472387,73.57107
USER_00591,男,湛江,中,51,4,-20.078306,57.550407
USER_00592,未透露,其他,低,43,86,-122.26282,18.804304
USER_00593,女,其他,中,49,66,-21.587358,92.52473
USER_00594,女,北京,中,40,126,-24.25267,23.764538
USER_00595,女,其他,中,41,54,-7.0283256,12.254765
USER_00596,女,湛江,中,28,14,38.967705,104.175934
USER_00597,女,深圳,中,38,3,25.933617,78.080956
USER_00598,女,广州,中,34,1,23.97631,5.627409
USER_00599,男,其他,高,41,5,-26.421438,-59.04709
USER_00600,女,深圳,中,31,15,12.480425,-17.83378
USER_00601,男,上海,高,38,106,-47.194168,-79.61343
USER_00602,女,其他,高,19,17,-7.2919908,-121.48623
USER_00603,男,上海,中,16,21,117.95903,-69.92462
USER_00604,女,其他,中,38,122,21.643936,71.68183
USER_00605,未透露,广州,中,40,104,-24.25267,23.764538
USER_00606,男,深圳,中,32,34,-29.780716,-19.498306
USER_00607,男,其他,中,34,68,30.797728,5.749405
USER_00608,男,其他,高,33,55,-35.345226,-91.30173
USER_00609,男,其他,中,33,8,28.550123,-12.721092
USER_00610,男,北京,高,52,110,6.4617534,-58.504726
USER_00611,男,深圳,高,33,46,-35.220814,-94.90247
USER_00612,男,北京,中,16,13,104.6437,-82.516396
USER_00613,男,其他,中,16,28,117.95903,-69.92462
USER_00614,女,其他,中,48,9,8.164294,81.793655
USER_00615,女,深圳,低,38,6,-113.293755,6.8274302
USER_00616,女,北京,中,58,7,4.453632,65.64227
USER_00617,女,上海,中,30,35,43.965622,-48.59252
USER_00618,男,北京,中,34,3,23.466045,11.817759
USER_00619,男,其他,中,18,0,129.73837,-42.593143
USER_00620,女,其他,低,42,86,-132.44441,-6.7361884
USER_00621,女,湛江,中,29,10,-6.2567024,118.4868
USER_00622,女,其他,中,49,3,-21.587358,92.52473
USER_00623,男,其他,低,28,39,-87.712074,8.160234
USER_00624,未透露,北京,中,43,3,12.594384,20.05523
USER_00625,男,其他,中,19,21,111.871506,-36.26422
USER_00626,男,北京,中,23,31,66.077286,-18.860039
USER_00627,女,其他,中,29,0,-6.2567024,118.4868
USER_00628,女,其他,中,57,3,71.55204,48.69651
USER_00629,女,其他,中,41,36,-4.1965303,1.6398503
USER_00630,男,其他,中,39,67,-40.76213,116.85704
USER_00631,男,上海,中,36,71,32.820442,32.584118
USER_00632,女,其他,低,34,43,-104.28934,9.495915
USER_00633,女,上海,中,20,11,90.571526,-26.434437
USER_00634,男,上海,中,43,27,9.193072,26.953926
USER_00635,女,其他,高,34,24,-37.398018,-79.58265
USER_00636,女,其他,中,26,15,70.63614,96.61094
USER_00637,女,上海,中,16,15,117.95903,-69.92462
USER_00638,男,其他,中,45,45,8.383527,50.01371
USER_00639,男,其他,低,40,10,-104.003395,34.96337
USER_00640,男,其他,中,41,28,-10.972638,9.4094715
USER_00641,男,上海,高,28,40,-28.58433,-104.84157
USER_00642,男,其他,中,37,114,71.86522,36.7147
USER_00643,女,广州,低,26,42,-69.97611,3.7866256
USER_00644,男,北京,低,39,19,-103.46217,-20.213396
USER_00645,女,其他,低,30,6,-92.34979,17.059141
USER_00646,男,深圳,中,25,41,100.87087,78.82163
USER_00647,男,其他,中,48,1,5.7682195,87.20084
USER_00648,女,其他,中,39,48,-40.76213,116.85704
USER_00649,女,其他,中,53,24,-9.516764,61.96181
USER_00650,男,其他,低,26,132,-69.97611,3.7866256
USER_00651,男,其他,中,45,62,8.639334,46.266926
USER_00652,女,北京,中,38,56,26.703857,68.083496
USER_00653,女,深圳,低,32,58,-124.02517,-17.276459
USER_00654,女,其他,中,16,8,107.00427,-57.882145
USER_00655,女,其他,高,27,55,-6.1413774,-108.69722
USER_00656,女,上海,高,53,75,-4.786908,-61.321873
USER_00657,女,其他,低,20,25,-83.77098,26.100891
USER_00658,男,其他,中,65,127,3.0550203,53.63359
USER_00659,女,其他,中,22,46,67.56208,-0.26916814
USER_00660,女,其他,中,30,11,43.965622,-48.59252
USER_00661,女,其他,高,21,81,-20.148422,-113.17544
USER_00662,未透露,北京,低,43,48,-120.70456,23.270912
USER_00663,未透露,湛江,低,29,3,-90.30518,-14.808609
USER_00664,未透露,其他,低,26,139,-69.97611,3.7866256
USER_00665,男,深圳,高,24,31,-36.895435,-123.87498
USER_00666,男,北京,高,23,7,-37.26251,-111.53305
USER_00667,未透露,其他,低,16,80,-63.566376,40.719223
USER_00668,男,广州,中,26,6,70.63614,96.61094
USER_00669,男,深圳,中,27,20,100.11153,23.060814
USER_00670,女,上海,高,35,33,-13.156904,-76.84942
USER_00671,男,其他,低,34,35,-104.28934,9.495915
USER_00672,男,其他,中,19,33,111.871506,-36.26422
USER_00673,男,湛江,中,17,64,124.704704,-7.8527217
USER_00674,女,其他,中,16,99,102.17713,-66.60264
USER_00675,男,其他,低,17,33,-79.25385,-10.569678
USER_00676,女,湛江,中,26,91,70.63614,96.61094
USER_00677,男,其他,中,25,71,90.17921,75.328064
USER_00678,男,上海,中,16,9,117.95903,-69.92462
USER_00679,女,其他,中,17,40,124.704704,-7.8527217
USER_00680,男,其他,高,39,42,-13.308484,-90.96156
USER_00681,男,广州,中,37,16,71.86522,36.7147
USER_00682,女,其他,中,26,7,70.63614,96.61094
USER_00683,男,其他,中,33,93,36.703545,-17.947054
USER_00684,女,上海,中,21,12,85.789444,-1.6840196
USER_00685,男,其他,中,35,49,42.679043,53.375664
USER_00686,女,上海,中,36,21,30.894943,28.460487
USER_00687,男,湛江,低,24,119,-60.450527,2.0366979
USER_00688,男,湛江,中,23,8,66.077286,-18.860039
USER_00689,女,深圳,中,46,9,20.547916,32.807842
USER_00690,男,上海,中,27,35,100.11153,23.060814
USER_00691,女,其他,中,24,1,100.51816,103.17765
USER_00692,女,深圳,中,32,8,-28.390194,-15.480969
USER_00693,男,深圳,中,34,16,21.692644,8.42345
USER_00694,男,深圳,低,21,24,-80.35669,7.8185287
USER_00695,女,北京,中,41,41,-9.56046,5.715069
USER_00696,女,深圳,高,18,0,-49.427845,-112.87016
USER_00697,女,其他,中,23,1,66.077286,-18.860039
USER_00698,未透露,其他,低,17,15,-79.25385,-10.569678
USER_00699,女,其他,中,35,16,42.679043,53.375664
USER_00700,男,其他,高,38,62,-47.246113,-73.552055
USER_00701,女,其他,低,18,4,-69.685974,-12.358599
USER_00702,男,上海,中,16,89,102.17713,-66.60264
USER_00703,女,上海,中,18,172,129.73837,-42.593143
USER_00704,男,其他,中,35,31,38.873756,50.858475
USER_00705,女,其他,中,42,85,-29.973778,-2.4697645
USER_00706,女,北京,高,33,11,-35.345226,-91.30173
USER_00707,女,深圳,中,28,58,28.405687,101.27811
USER_00708,男,上海,高,39,20,-13.308484,-90.96156
USER_00709,男,其他,高,34,16,-34.789463,-77.17898
USER_00710,女,广州,中,52,28,-29.071796,61.658333
USER_00711,男,北京,中,28,66,24.010075,106.50265
USER_00712,女,其他,低,40,41,-99.04234,31.925552
USER_00713,女,其他,中,37,5,71.86522,36.7147
USER_00714,女,湛江,高,51,197,-3.8184087,-54.343105
USER_00715,男,北京,中,37,5,71.86522,36.7147
USER_00716,男,其他,中,56,139,19.93553,40.158546
USER_00717,女,其他,中,31,21,12.480425,-17.83378
USER_00718,男,北京,中,37,30,71.86522,36.7147
USER_00719,男,其他,中,16,86,117.95903,-69.92462
USER_00720,女,湛江,中,44,22,-9.382879,36.321316
USER_00721,女,广州,中,31,32,12.480425,-17.83378
USER_00722,女,上海,中,21,82,85.789444,-1.6840196
USER_00723,女,深圳,中,36,6,32.820442,32.584118
USER_00724,女,其他,中,29,1,-6.2567024,118.4868
USER_00725,男,深圳,高,45,41,-15.591382,-67.94712
USER_00726,女,北京,中,32,6,-29.780716,-19.498306
USER_00727,女,其他,中,29,39,-6.2567024,118.4868
USER_00728,男,其他,低,24,47,-60.450527,2.0366979
USER_00729,男,上海,高,19,56,-9.760393,-121.98977
USER_00730,女,北京,中,16,10,103.876854,-77.41301
USER_00731,男,其他,高,17,105,2.0635214,-116.65863
USER_00732,女,上海,中,28,65,35.683537,104.05992
USER_00733,未透露,上海,低,48,25,-121.68455,12.061655
USER_00734,女,其他,中,49,27,-21.587358,92.52473
USER_00735,女,其他,高,33,93,-43.657104,-92.519516
USER_00736,男,深圳,低,47,14,-91.77371,-2.9654574
USER_00737,女,湛江,中,40,19,-24.25267,23.764538
USER_00738,男,广州,高,16,191,0.19518286,-136.81065
USER_00739,未透露,深圳,中,47,81,85.58772,42.2937
USER_00740,女,深圳,中,17,15,124.704704,-7.8527217
USER_00741,未透露,北京,中,47,6,85.58772,42.2937
USER_00742,女,上海,中,45,12,12.356174,45.811394
USER_00743,男,其他,中,28,27,32.36644,112.76181
USER_00744,女,其他,高,27,24,-6.1413774,-108.69722
USER_00745,男,北京,中,18,13,129.73837,-42.593143
USER_00746,男,其他,低,36,7,-122.53104,3.647721
USER_00747,男,其他,低,24,2,-60.450527,2.0366979
USER_00748,女,深圳,高,30,43,-50.48036,-98.769
USER_00749,男,其他,中,33,25,39.1022,-15.553681
USER_00750,未透露,其他,中,25,61,100.87087,78.82163
USER_00751,男,其他,中,24,27,100.51816,103.17765
USER_00752,女,其他,中,32,12,-29.780716,-19.498306
USER_00753,女,其他,高,22,102,-28.607351,-113.24878
USER_00754,男,上海,中,24,2,100.51816,103.17765
USER_00755,女,深圳,中,40,8,-24.25267,23.764538
USER_00756,女,其他,中,16,8,108.091415,-61.76037
USER_00757,男,上海,中,52,2,-29.071796,61.658333
USER_00758,男,深圳,中,21,10,85.789444,-1.6840196
USER_00759,女,上海,中,28,13,38.199696,107.892975
USER_00760,男,上海,中,39,87,-40.76213,116.85704
USER_00761,女,其他,中,37,22,71.86522,36.7147
USER_00762,女,广州,高,23,245,-37.26251,-111.53305
USER_00763,男,其他,低,39,43,-98.78809,-20.932247
USER_00764,女,广州,中,45,48,8.639334,46.266926
USER_00765,男,深圳,中,45,11,8.639334,46.266926
USER_00766,女,其他,低,34,40,-104.28934,9.495915
USER_00767,女,北京,低,39,14,-98.28012,-23.686483
USER_00768,女,北京,高,23,193,-37.26251,-111.53305
USER_00769,女,其他,中,42,46,-29.973778,-2.4697645
USER_00770,女,其他,中,52,16,-29.071796,61.658333
USER_00771,女,上海,中,39,68,-36.777706,112.90467
USER_00772,男,北京,高,27,46,-6.1413774,-108.69722
USER_00773,女,北京,中,28,132,31.875046,108.83495
USER_00774,男,湛江,高,16,4,0.19518286,-136.81065
USER_00775,男,北京,中,49,9,-21.587358,92.52473
USER_00776,男,其他,低,16,2,-72.40348,44.110577
USER_00777,女,其他,中,22,4,67.56208,-0.26916814
USER_00778,女,广州,低,32,26,-125.420494,-13.29482
USER_00779,男,其他,中,54,115,-6.028511,50.119324
USER_00780,女,其他,中,34,145,21.177069,4.4744945
USER_00781,男,北京,中,39,50,-36.777706,112.90467
USER_00782,女,北京,中,18,19,129.66934,-38.091923
USER_00783,女,其他,中,22,25,71.09121,-0.3871554
USER_00784,女,其他,高,35,0,-12.58364,-81.77458
USER_00785,女,深圳,中,32,95,-33.294735,-20.321936
USER_00786,未透露,其他,中,28,4,25.716665,99.42462
USER_00787,女,深圳,中,16,4,112.096886,-66.309
USER_00788,男,北京,高,24,218,-39.599396,-124.68558
USER_00789,男,其他,低,25,18,-60.011982,12.153359
USER_00790,男,其他,中,44,18,-10.209273,33.08775
USER_00791,男,其他,高,52,60,4.835098,-56.771957
USER_00792,女,其他,中,40,65,-31.280375,25.587193
USER_00793,女,上海,高,26,47,-28.824202,-124.15917
USER_00794,女,上海,高,16,165,0.19518286,-136.81065
USER_00795,男,湛江,中,21,2,90.31952,-7.738439
USER_00796,男,其他,中,33,13,32.682713,-18.363571
USER_00797,女,其他,高,55,14,-4.4612627,-71.43641
USER_00798,男,其他,低,31,83,-112.80898,-6.953198
USER_00799,女,其他,中,25,10,96.37925,77.392044
USER_00800,女,其他,中,57,121,74.42015,48.723476
USER_00801,男,广州,高,53,20,-1.865577,-63.471874
USER_00802,女,深圳,中,44,30,-6.9710116,38.821327
USER_00803,男,其他,中,34,174,29.22782,9.179436
USER_00804,男,北京,中,20,35,90.571526,-26.434437
USER_00805,男,其他,低,16,25,-62.28858,49.21551
USER_00806,男,其他,中,23,24,66.077286,-18.860039
USER_00807,女,深圳,中,34,154,25.517384,8.690023
USER_00808,男,湛江,中,38,43,25.202927,71.04466
USER_00809,男,广州,高,18,66,-49.427845,-112.87016
USER_00810,男,北京,中,27,45,95.92172,22.620155
USER_00811,女,其他,中,34,4,25.517384,8.690023
USER_00812,女,其他,中,48,17,9.365227,87.62113
USER_00813,男,上海,中,22,140,67.23973,-3.7635376
USER_00814,女,其他,低,34,4,-102.25246,12.657691
USER_00815,男,其他,低,23,141,-81.207,16.481997
USER_00816,男,其他,低,42,9,-132.06578,-9.125661
USER_00817,女,北京,中,63,137,2.1370397,22.047775
USER_00818,女,湛江,低,38,150,-115.75444,8.432261
USER_00819,男,其他,高,24,7,-39.599396,-124.68558
USER_00820,男,其他,中,42,2,-29.973778,-2.4697645
USER_00821,女,其他,中,28,2,29.24837,97.38168
USER_00822,女,其他,中,16,21,109.15443,-79.8214
USER_00823,女,其他,低,46,45,-131.47166,14.29922
USER_00824,男,其他,中,38,46,19.965475,69.31762
USER_00825,男,其他,中,48,37,10.901947,84.378136
USER_00826,男,其他,高,49,29,-12.821616,-50.7916
USER_00827,男,上海,中,25,25,96.97154,81.54434
USER_00828,女,湛江,中,30,91,37.742554,-51.06054
USER_00829,男,其他,高,33,41,-40.698105,-92.76226
USER_00830,女,其他,低,23,2,-81.207,16.481997
USER_00831,男,北京,高,60,2,13.83292,-74.77594
USER_00832,女,其他,中,39,4,-36.777706,112.90467
USER_00833,男,北京,高,16,22,0.19518286,-136.81065
USER_00834,未透露,其他,低,33,7,-105.53331,-0.1979333
USER_00835,男,其他,高,18,33,-49.427845,-112.87016
USER_00836,男,北京,中,53,9,-9.516764,61.96181
USER_00837,男,其他,中,21,24,90.31952,-7.738439
USER_00838,男,北京,高,45,79,-13.088177,-66.238365
USER_00839,女,其他,中,21,76,90.31952,-7.738439
USER_00840,未透露,上海,低,16,88,-64.39527,45.35683
USER_00841,男,深圳,中,24,65,97.13128,107.03562
USER_00842,男,其他,低,44,81,-111.16914,18.768484
USER_00843,女,北京,中,28,39,34.9576,107.038666
USER_00844,男,其他,低,19,7,-77.00428,-21.166857
USER_00845,女,深圳,高,54,33,2.758684,-68.646866
USER_00846,男,深圳,中,17,42,129.97041,-7.51507
USER_00847,男,湛江,中,16,67,112.096886,-66.309
USER_00848,男,深圳,中,36,41,32.820442,32.584118
USER_00849,男,其他,中,39,47,-36.777706,112.90467
USER_00850,女,北京,中,41,27,-6.1231217,3.9450765
USER_00851,女,其他,中,31,16,9.188698,-20.747368
USER_00852,女,北京,中,29,141,-5.029554,123.23278
USER_00853,男,湛江,高,57,26,1.2900182,-83.7016
USER_00854,女,其他,高,60,1,13.83292,-74.77594
USER_00855,女,其他,低,47,28,-93.33759,-4.817656
USER_00856,女,其他,中,36,9,32.820442,32.584118
USER_00857,男,上海,中,38,44,20.344406,74.69832
USER_00858,男,其他,高,21,4,-21.05335,-115.82338
USER_00859,男,其他,中,23,83,66.077286,-18.860039
USER_00860,男,其他,中,16,80,109.15443,-79.8214
USER_00861,女,北京,高,30,41,-50.48036,-98.769
USER_00862,女,其他,低,43,289,-122.69953,21.575804
USER_00863,女,广州,低,28,12,-87.70593,5.805739
USER_00864,男,其他,中,37,56,75.331856,33.18004
USER_00865,男,其他,中,22,11,65.378845,2.1658137
USER_00866,未透露,其他,低,16,18,-64.39527,45.35683
USER_00867,女,其他,中,30,7,41.57958,-58.392445
USER_00868,女,其他,中,37,11,75.331856,33.18004
USER_00869,女,广州,中,47,13,85.58772,42.2937
USER_00870,男,上海,高,41,76,-26.272987,-64.00242
USER_00871,女,深圳,中,16,3,112.096886,-66.309
USER_00872,女,北京,中,18,19,129.66934,-38.091923
USER_00873,女,其他,中,25,58,96.97154,81.54434
USER_00874,女,其他,中,37,34,75.331856,33.18004
USER_00875,女,其他,高,53,98,-2.4810774,-60.38374
USER_00876,男,其他,中,24,54,97.13128,107.03562
USER_00877,女,其他,低,41,7,-126.807236,28.829306
USER_00878,女,其他,中,26,14,75.84476,97.1184
USER_00879,女,上海,高,43,94,-24.19966,-74.74785
USER_00880,男,上海,低,53,39,-118.02904,30.273365
USER_00881,男,其他,中,21,88,90.31952,-7.738439
USER_00882,女,其他,高,59,91,8.2955885,-74.44897
USER_00883,女,其他,中,36,5,32.820442,32.584118
USER_00884,男,其他,高,48,162,-51.454792,-72.13281
USER_00885,女,其他,中,43,24,9.792298,18.457706
USER_00886,男,北京,中,23,186,66.077286,-18.860039
USER_00887,男,深圳,中,16,105,112.096886,-66.309
USER_00888,女,其他,高,43,202,-24.19966,-74.74785
USER_00889,男,北京,中,16,27,112.096886,-66.309
USER_00890,女,上海,低,52,52,-116.15114,33.410236
USER_00891,男,湛江,中,33,19,31.081459,-9.360901
USER_00892,女,其他,中,51,126,-21.614866,55.02467
USER_00893,男,北京,中,16,0,112.096886,-66.309
USER_00894,女,其他,中,27,9,95.92172,22.620155
USER_00895,男,北京,中,30,6,47.692097,-48.79468
USER_00896,女,广州,中,40,48,-23.133345,28.267838
USER_00897,女,北京,高,45,81,-16.674679,-70.7618
USER_00898,男,深圳,中,26,35,75.84476,97.1184
USER_00899,女,其他,高,29,224,-18.173294,-103.11504
USER_00900,女,其他,中,50,14,-21.319698,68.207344
USER_00901,女,其他,低,35,21,-101.42025,23.32389
USER_00902,男,深圳,中,25,85,96.97154,81.54434
USER_00903,男,其他,高,19,13,-6.8853683,-123.98969
USER_00904,男,上海,中,22,17,67.23973,-3.7635376
USER_00905,男,深圳,低,31,20,-113.34424,-3.928829
USER_00906,男,其他,高,55,17,-4.4612627,-71.43641
USER_00907,男,广州,高,27,50,-6.1413774,-108.69722
USER_00908,男,北京,低,35,10,-102.35298,21.00684
USER_00909,女,其他,高,29,96,-18.173294,-103.11504
USER_00910,男,其他,中,34,136,29.22782,9.179436
USER_00911,女,其他,低,24,17,-56.701763,0.9697046
USER_00912,男,深圳,中,21,8,90.31952,-7.738439
USER_00913,女,上海,中,49,67,-21.587358,92.52473
USER_00914,女,上海,中,32,4,-25.663876,-18.245203
USER_00915,男,深圳,高,40,2,-37.61055,-54.223885
USER_00916,男,深圳,低,36,7,-124.927505,1.4437937
USER_00917,女,北京,低,47,20,-93.33759,-4.817656
USER_00918,女,上海,高,25,139,-34.173496,-134.54613
USER_00919,女,其他,中,17,50,129.97041,-7.51507
USER_00920,男,北京,中,18,84,129.66934,-38.091923
USER_00921,男,北京,高,35,51,-14.341853,-79.42812
USER_00922,女,其他,中,19,86,108.51637,-31.431355
USER_00923,男,湛江,低,28,57,-89.72505,7.013305
USER_00924,男,其他,中,41,2,-1.2429407,3.7552464
USER_00925,女,上海,中,25,120,96.37925,77.392044
USER_00926,男,湛江,高,28,18,-26.322815,-105.5434
USER_00927,女,上海,低,39,39,-101.40517,-22.464306
USER_00928,女,其他,中,22,10,69.159035,2.8394387
USER_00929,男,其他,中,47,20,85.58772,42.2937
USER_00930,未透露,其他,中,24,106,97.13128,107.03562
USER_00931,男,上海,中,40,125,-31.280375,25.587193
USER_00932,男,广州,低,22,29,-70.87405,17.135475
USER_00933,女,深圳,低,50,83,-113.54826,38.857483
USER_00934,男,深圳,低,36,22,-125.58497,5.3465714
USER_00935,女,其他,中,41,93,-8.444006,1.9473047
USER_00936,男,北京,中,39,56,-36.777706,112.90467
USER_00937,男,其他,中,18,69,129.66934,-38.091923
USER_00938,女,上海,中,37,69,75.331856,33.18004
USER_00939,女,上海,低,21,114,-76.451256,9.08862
USER_00940,女,其他,中,16,29,109.15443,-79.8214
USER_00941,男,上海,高,41,91,-25.040468,-61.585766
USER_00942,女,上海,中,17,45,129.97041,-7.51507
USER_00943,女,其他,低,16,52,-64.39527,45.35683
USER_00944,男,其他,高,42,19,-36.994297,-67.67842
USER_00945,女,其他,中,45,20,5.015088,45.06145
USER_00946,女,北京,中,30,94,42.681847,-45.062885
USER_00947,男,深圳,高,35,50,-15.5333605,-82.013954
USER_00948,男,上海,高,60,19,13.83292,-74.77594
USER_00949,女,其他,中,39,63,-36.777706,112.90467
USER_00950,女,其他,中,30,2,50.601444,-47.49371
USER_00951,女,北京,中,61,45,-16.161953,3.079301
USER_00952,男,深圳,中,47,175,85.58772,42.2937
USER_00953,女,其他,中,16,54,112.096886,-66.309
USER_00954,女,其他,中,36,37,32.820442,32.584118
USER_00955,男,其他,高,33,4,-38.791035,-89.87514
USER_00956,男,其他,中,38,16,23.697948,65.90753
USER_00957,女,广州,低,32,19,-125.420494,-13.29482
USER_00958,女,北京,中,41,20,-6.4012027,6.7424
USER_00959,女,北京,中,30,4,38.947456,-54.967045
USER_00960,未透露,其他,中,52,13,-29.071796,61.658333
USER_00961,女,深圳,高,23,35,-34.823368,-109.10566
USER_00962,女,北京,中,24,6,97.13128,107.03562
USER_00963,男,北京,低,46,15,-130.25937,10.971218
USER_00964,男,北京,中,29,43,-5.029554,123.23278
USER_00965,女,广州,中,28,5,31.875046,108.83495
USER_00966,女,其他,低,22,100,-72.23194,14.353201
USER_00967,女,其他,中,23,32,66.077286,-18.860039
USER_00968,女,广州,中,57,129,74.42015,48.723476
USER_00969,男,湛江,低,43,14,-118.01656,22.412498
USER_00970,男,其他,中,58,36,6.9949865,65.46915
USER_00971,男,北京,低,48,4,-121.68455,12.061655
USER_00972,女,其他,中,16,6,97.973305,-70.57978
USER_00973,女,其他,中,35,114,39.47086,54.970142
USER_00974,女,北京,中,42,11,-29.973778,-2.4697645
USER_00975,女,其他,中,21,70,90.31952,-7.738439
USER_00976,男,上海,中,25,2,96.97154,81.54434
USER_00977,男,湛江,高,28,73,-26.862623,-103.24915
USER_00978,男,其他,高,27,1,-6.1413774,-108.69722
USER_00979,男,其他,低,32,122,-120.551094,-16.993238
USER_00980,男,其他,高,21,136,-21.05335,-115.82338
USER_00981,女,其他,中,38,16,22.907831,76.334435
USER_00982,男,其他,中,29,132,-5.029554,123.23278
USER_00983,男,其他,中,30,16,42.44592,-55.32914
USER_00984,男,其他,中,24,63,97.13128,107.03562
USER_00985,未透露,深圳,低,44,9,-111.16914,18.768484
USER_00986,女,上海,中,29,70,-1.9676408,119.481285
USER_00987,男,其他,中,21,3,90.31952,-7.738439
USER_00988,男,湛江,高,40,21,-37.61055,-54.223885
USER_00989,男,北京,中,52,27,-29.071796,61.658333
USER_00990,女,深圳,中,44,0,-7.2713127,33.540573
USER_00991,女,其他,高,33,27,-38.791035,-89.87514
USER_00992,女,其他,中,31,43,9.188698,-20.747368
USER_00993,女,其他,中,16,170,112.096886,-66.309
USER_00994,女,北京,低,25,32,-60.011982,12.153359
USER_00995,男,其他,中,29,87,-5.029554,123.23278
USER_00996,女,北京,低,35,35,-100.077995,20.016119
USER_00997,男,湛江,低,20,6,-80.08658,26.24366
USER_00998,男,其他,中,24,12,97.13128,107.03562
USER_00999,男,广州,低,16,110,-64.39527,45.35683
USER_01000,男,其他,低,31,2,-115.74138,-1.9293529
