用户ID,性别,所在城市,消费水平,年龄,最近活跃天数,PC1,PC2,聚类标签
USER_00001,男,其他,中,18,8,-0.4251385171030886,-1.4809172181014356,2
USER_00002,男,其他,中,35,61,-0.0219665027728784,0.3312537533186148,0
USER_00003,男,其他,低,25,10,0.0081461190991834,-1.044535679307261,2
USER_00004,男,其他,中,25,17,-0.0880250526796793,-0.9416415395107808,2
USER_00005,女,北京,中,23,76,-1.0172887125269088,-0.1092310363008771,2
USER_00006,男,其他,中,16,2,-0.4797276536346256,-1.693917349151598,2
USER_00007,女,上海,高,33,5,0.6129793497821351,-0.6398846843129412,2
USER_00008,女,深圳,高,49,34,1.2764065737945514,0.7344220100972227,0
USER_00009,男,其他,中,16,36,-0.9429790527803508,-1.1580313562365872,2
USER_00010,女,上海,低,45,74,0.4550629295320708,1.1206395869014534,0
USER_00011,女,其他,中,19,15,-0.4542437921105939,-1.302380228813304,2
USER_00012,女,深圳,中,16,39,-0.9790978231680546,-1.0962489626430694,2
USER_00013,男,其他,高,38,65,0.1261545550225017,0.583704172146289,0
USER_00014,女,北京,中,42,6,1.1945924557609562,-0.1225663186337751,0
USER_00015,女,其他,中,29,19,0.1524137405129479,-0.665523279294513,2
USER_00016,女,其他,低,27,31,-0.1441888041708641,-0.5857626752099414,2
USER_00017,男,其他,中,49,34,1.270279840693142,0.7074408770018512,0
USER_00018,女,深圳,高,49,5,1.6723849421491803,0.2778956693390811,0
USER_00019,男,其他,中,42,14,1.0805237301852078,-0.0097799437376805,0
USER_00020,男,其他,中,32,4,0.5569313362277059,-0.7409697127423623,2
USER_00021,男,上海,低,38,102,-0.3910831516727531,1.1481068205601177,1
USER_00022,女,上海,低,45,38,0.947674920524921,0.5545553692923199,0
USER_00023,女,其他,中,28,27,-0.0219454923323797,-0.5970102985184715,2
USER_00024,女,其他,高,27,35,-0.1894319335585358,-0.5089583776968877,2
USER_00025,男,上海,高,37,19,0.6823471966849178,-0.2026855105662794,0
USER_00026,女,其他,中,30,178,-1.9500247709050815,1.8879783366780292,1
USER_00027,未透露,上海,中,19,1,-0.267305059088129,-1.5303695127435872,2
USER_00028,女,其他,高,20,16,-0.3992868631581259,-1.2148555961158205,2
USER_00029,女,上海,高,36,13,0.6978144044310848,-0.344217203157252,0
USER_00030,女,其他,中,31,65,-0.3399945231530836,0.1758418570146052,2
USER_00031,男,其他,中,21,90,-1.344787230938645,-0.0191399188045277,2
USER_00032,男,上海,高,32,44,0.0141020468990335,-0.0932771317586034,2
USER_00033,女,北京,中,39,9,0.95718552991629,-0.2456423728631447,0
USER_00034,女,深圳,低,17,7,-0.4780578022190053,-1.539268485203109,2
USER_00035,男,北京,中,27,53,-0.4344218290493418,-0.2485699889146883,2
USER_00036,女,其他,中,38,13,0.8305243303840826,-0.2427085260932283,0
USER_00037,男,其他,低,16,21,-0.7435355313210075,-1.3906745948230872,2
USER_00038,女,其他,低,46,75,0.5086686428380247,1.1961125887328588,0
USER_00039,女,北京,高,34,0,0.7550579335566323,-0.6561937985942812,2
USER_00040,男,其他,高,42,8,1.167458865710669,-0.0855316897837779,0
USER_00041,女,其他,中,40,13,0.9631614671216912,-0.1284584408816759,0
USER_00042,男,其他,中,20,94,-1.4674204696188515,-0.0140882201259981,1
USER_00043,女,其他,高,21,13,-0.2908629704802095,-1.2017550626882711,2
USER_00044,未透露,深圳,低,22,49,-0.7180737348019055,-0.5921548819198756,2
USER_00045,女,其他,中,16,64,-1.322681523118215,-0.7052121600963754,2
USER_00046,男,北京,中,31,9,0.4269391400529336,-0.7160756929258298,2
USER_00047,女,其他,低,30,170,-1.8444391554691932,1.7673354503144365,1
USER_00048,未透露,其他,中,40,24,0.811589626695954,0.0361916583227495,0
USER_00049,女,广州,高,40,59,0.3423784340806017,0.6178417646404655,0
USER_00050,女,北京,中,33,230,-2.4559276862821533,2.8772634861605115,1
USER_00051,男,其他,低,42,60,0.4509264954703114,0.719626832985901,0
USER_00052,男,广州,低,44,83,0.2685742908580705,1.2025437084064072,0
USER_00053,女,其他,中,49,52,1.0265329523593143,1.0026421264080807,0
USER_00054,女,其他,低,32,20,0.3345085295325889,-0.4762261021171148,2
USER_00055,男,北京,中,31,39,0.0191875131145761,-0.2419353362637204,2
USER_00056,男,其他,高,25,1,0.1388358543135174,-1.1734918037819917,2
USER_00057,女,深圳,高,50,12,1.641127410281796,0.4428565838500952,0
USER_00058,女,北京,高,33,37,0.1836698241165086,-0.1310346950100188,2
USER_00059,女,其他,中,32,19,0.3500195535569868,-0.4953784139712617,2
USER_00060,女,广州,中,37,4,0.8907244867230053,-0.4371937257510899,0
USER_00061,男,其他,低,22,9,-0.1772424968831609,-1.2306096327970872,2
USER_00062,男,上海,中,51,62,1.012678227499925,1.257315253602246,0
USER_00063,女,广州,低,36,47,0.2334359610775453,0.1867041459367057,0
USER_00064,男,上海,中,51,70,0.9042391927284842,1.3830799196060597,0
USER_00065,男,北京,高,35,5,0.7522137641224302,-0.5330466912333318,0
USER_00066,女,湛江,高,54,28,1.6805648067270194,0.9255346107116932,0
USER_00067,男,其他,中,30,49,-0.1862661688137965,-0.1444380800978156,2
USER_00068,女,其他,中,26,8,0.1025878186244618,-1.0117347566408197,2
USER_00069,男,其他,高,39,42,0.5079978766155323,0.2794274270068181,0
USER_00070,男,其他,中,33,39,0.1469654903469016,-0.1286406329797338,2
USER_00071,女,深圳,低,26,19,-0.0505080316542089,-0.8364297004120448,2
USER_00072,女,北京,低,34,16,0.5237971337835515,-0.4217424925646839,2
USER_00073,男,其他,中,36,81,-0.2320985145555599,0.701795540912275,0
USER_00074,男,上海,中,38,82,-0.1144793975369527,0.8295049240152598,0
USER_00075,未透露,深圳,中,23,133,-1.8005243034544651,0.7780972320253897,1
USER_00076,女,深圳,中,45,70,0.5165999440242222,1.0541257400610131,0
USER_00077,男,其他,中,25,112,-1.3817808286550144,0.5565882537128924,1
USER_00078,男,北京,低,43,4,1.2855286393610872,-0.1008209962522403,0
USER_00079,男,其他,低,54,29,1.6627198871283235,0.9174705810358575,0
USER_00080,男,广州,中,44,69,0.4618610350174105,0.977757246821783,0
USER_00081,女,其他,高,23,39,-0.5091215657194728,-0.6741462455177324,2
USER_00082,男,其他,中,31,6,0.462612240329555,-0.7660066007964378,2
USER_00083,男,其他,中,26,86,-0.9630615248588676,0.204848145860724,1
USER_00084,女,北京,高,49,215,-1.1912677345812417,3.5747403938258135,1
USER_00085,男,深圳,低,24,4,0.0269575665724717,-1.196025234649536,2
USER_00086,女,其他,中,48,118,0.0536865712616071,1.9779676901112488,1
USER_00087,男,湛江,高,34,6,0.6640171856831915,-0.5732781544021655,2
USER_00088,男,其他,中,31,43,-0.0397939953091697,-0.1806520521086155,2
USER_00089,未透露,深圳,中,27,165,-1.973332517367059,1.506605256870405,1
USER_00090,男,其他,高,37,110,-0.553482407110394,1.2348598540332023,1
USER_00091,女,其他,高,37,37,0.4439349555586145,0.0961960703851649,0
USER_00092,女,其他,中,32,49,-0.0536373867894432,-0.0180264344039841,2
USER_00093,女,其他,高,40,48,0.4934151604080423,0.4397812262358858,0
USER_00094,男,上海,中,43,21,1.0457352961212645,0.1544721946403495,0
USER_00095,女,北京,低,16,84,-1.5939154869911825,-0.3813147460810857,2
USER_00096,女,上海,低,36,86,-0.3048590197694771,0.7924302499894604,1
USER_00097,女,其他,中,40,100,-0.2235503474247694,1.2408299139054846,1
USER_00098,男,北京,中,30,83,-0.6489776007193495,0.3916065889494994,1
USER_00099,未透露,上海,中,36,92,-0.3850973943742912,0.8760813939506383,1
USER_00100,女,湛江,中,30,15,0.2713081715819331,-0.6713383644059412,2
USER_00101,男,其他,低,50,144,-0.1680954757223855,2.4944810837158595,1
USER_00102,女,上海,中,35,6,0.7267396435465003,-0.5273638836841027,0
USER_00103,未透露,其他,中,44,22,1.099830165820037,0.2359663252018468,0
USER_00104,男,其他,中,50,73,0.8017276601303186,1.376619071946316,0
USER_00105,女,其他,中,44,25,1.0636120871438337,0.2892378326120398,0
USER_00106,男,北京,中,33,48,0.0287022325486618,0.0125549731577971,2
USER_00107,女,上海,高,16,28,-0.8329352709173108,-1.2584815950649402,2
USER_00108,女,广州,中,49,76,0.6954540662817866,1.3814887612368794,0
USER_00109,男,其他,低,31,14,0.350447567706046,-0.6359901271069917,2
USER_00110,男,其他,中,41,19,0.9429031790590388,0.0103288933293421,0
USER_00111,女,上海,高,18,21,-0.6013960187962992,-1.252111461117124,2
USER_00112,女,湛江,中,37,9,0.8189313910553117,-0.358390138835726,0
USER_00113,男,北京,高,22,4,-0.097112916182004,-1.2964025112334496,2
USER_00114,男,湛江,中,25,22,-0.1572889881905365,-0.8589890815214022,2
USER_00115,女,其他,高,38,4,0.9600695953132552,-0.3665888788622264,0
USER_00116,女,其他,高,54,16,1.8453406777429977,0.7342186234764466,0
USER_00117,女,其他,高,25,33,-0.2957574005102956,-0.6561227379304223,2
USER_00118,女,深圳,中,17,68,-1.3076822644357269,-0.5818881239948733,2
USER_00119,男,上海,中,32,37,0.1053297720108446,-0.2218085032031339,2
USER_00120,男,深圳,中,43,13,1.1594552424493991,0.0327567728297724,0
USER_00121,男,深圳,高,19,19,-0.5049510545394156,-1.2339442879860596,2
USER_00122,男,其他,中,24,56,-0.6802898487905398,-0.3793293567949385,2
USER_00123,女,湛江,高,60,68,1.525576307879421,1.896048455788881,0
USER_00124,男,北京,中,44,22,1.1049542949787787,0.2311994954333485,0
USER_00125,女,其他,中,32,13,0.4332939185550281,-0.5878407141574664,2
USER_00126,男,上海,中,33,8,0.5651280589417915,-0.621460041106475,2
USER_00127,男,广州,高,16,201,-3.189980606455762,1.4498097017337443,1
USER_00128,男,深圳,低,40,100,-0.2274633840186186,1.2331228806764587,1
USER_00129,女,上海,高,45,40,0.928462157063566,0.5977750642065729,0
USER_00130,女,广州,中,34,10,0.6101617427904349,-0.516260169983198,2
USER_00131,男,深圳,中,26,47,-0.4262112333920279,-0.4067013923252763,2
USER_00132,男,其他,高,39,32,0.6426518830861923,0.1195372553463163,0
USER_00133,女,北京,中,24,57,-0.6867786329359862,-0.3487167335960064,2
USER_00134,女,其他,中,41,26,0.8489101437401894,0.1316928933210238,0
USER_00135,男,其他,低,34,9,0.6196783935375052,-0.5390739078092494,2
USER_00136,男,其他,中,33,92,-0.5787021005570014,0.7023591676043274,1
USER_00137,男,其他,中,28,84,-0.7994550065833138,0.2901671663057516,1
USER_00138,女,其他,中,28,104,-1.072106119311134,0.6147799812221874,1
USER_00139,男,其他,中,23,17,-0.2205528051887192,-1.0559501982659183,2
USER_00140,女,其他,中,16,114,-2.0063043145970787,0.0818910260537216,1
USER_00141,男,其他,低,21,140,-2.030605014023917,0.7708110208881508,1
USER_00142,女,广州,高,35,79,-0.2619886163325174,0.6469471832229047,0
USER_00143,女,其他,低,26,18,-0.0388469686741654,-0.8519773457758457,2
USER_00144,男,其他,高,49,42,1.166170547882093,0.851349904126517,0
USER_00145,女,其他,中,47,8,1.4929413536150165,0.1952108008132464,0
USER_00146,男,其他,中,26,51,-0.4822144764633754,-0.3426846432895492,2
USER_00147,女,其他,中,19,119,-1.872084835628615,0.3356461274284105,1
USER_00148,女,深圳,中,25,147,-1.8547771552845684,1.1171097058145365,1
USER_00149,男,其他,中,29,102,-0.9800352959580436,0.6294249875728913,1
USER_00150,女,其他,中,32,127,-1.120565842255332,1.2045392577591605,1
USER_00151,女,上海,中,16,66,-1.3542447814272838,-0.6740221170997494,2
USER_00152,女,其他,中,54,6,1.980977401462224,0.5626787931067988,0
USER_00153,未透露,其他,高,62,25,2.242902414803349,1.3226210698455882,0
USER_00154,男,广州,低,38,0,1.0047205132894748,-0.4521959160478928,0
USER_00155,男,深圳,中,29,21,0.1245573712013727,-0.6487762847535844,2
USER_00156,女,湛江,中,39,30,0.6641451063858428,0.0826218225031532,0
USER_00157,男,上海,中,41,22,0.8991290010292406,0.0533943875267064,0
USER_00158,女,其他,高,45,54,0.7414397371016775,0.8235815897751022,0
USER_00159,男,其他,高,22,288,-3.973999238830526,3.1591712999203625,1
USER_00160,女,其他,高,37,69,0.0075240327706147,0.6029785362570758,0
USER_00161,男,其他,中,62,3,2.5411690077610323,0.9564875883759818,0
USER_00162,女,湛江,中,18,29,-0.7130642322034679,-1.136231640099213,2
USER_00163,男,其他,高,35,146,-1.1784498695296746,1.6831921828679537,1
USER_00164,男,广州,中,28,26,-0.0115046878893866,-0.6234468097044651,2
USER_00165,男,上海,中,30,12,0.3113307478441811,-0.7339508208955547,2
USER_00166,男,其他,高,32,5,0.5483850774749975,-0.707994363325769,2
USER_00167,女,上海,中,27,13,0.0994975519134302,-0.8764971877241537,2
USER_00168,女,其他,低,29,25,0.0694176435333638,-0.5672349315614165,2
USER_00169,女,上海,中,16,111,-1.969912662120161,0.0318248307293924,1
USER_00170,女,广州,中,53,23,1.6799410988763723,0.7711647890224628,0
USER_00171,女,上海,中,46,28,1.1473406046092025,0.4462768035222562,0
USER_00172,男,其他,中,16,7,-0.5481270251112251,-1.614679974145326,2
USER_00173,女,湛江,低,27,1,0.2629963939892752,-1.0559153155083314,2
USER_00174,男,其他,中,48,14,1.4741230655250606,0.3319577615236486,0
USER_00175,男,其他,低,16,15,-0.6594814085612987,-1.483594506195524,2
USER_00176,男,其他,高,33,42,0.1106040769781474,-0.0647416017448419,2
USER_00177,男,其他,中,26,0,0.2098162309273591,-1.1496034944880416,2
USER_00178,男,其他,低,38,45,0.3934986214768572,0.2554692401432089,0
USER_00179,女,其他,高,30,24,0.1570396602592031,-0.5153999001810177,2
USER_00180,女,北京,高,56,66,1.296255054177961,1.635655310581965,0
USER_00181,男,其他,中,16,21,-0.7407805312655736,-1.3959648397653683,2
USER_00182,女,广州,中,22,32,-0.4869908543106137,-0.8614031794696023,2
USER_00183,女,其他,中,39,2,1.0499482724259757,-0.35702572136255,0
USER_00184,女,其他,中,16,73,-1.4461403491471856,-0.560921900751454,2
USER_00185,男,北京,中,55,28,1.7466507051610256,0.953268848870041,0
USER_00186,男,其他,中,31,59,-0.2583616031830122,0.0707417352545091,2
USER_00187,男,其他,中,16,39,-0.9821848182547542,-1.107187663338928,2
USER_00188,女,其他,低,29,53,-0.3081360767180459,-0.1197181556959465,2
USER_00189,女,其他,中,16,219,-3.4379793371670213,1.7248626230416315,1
USER_00190,女,北京,中,31,129,-1.2106389381803573,1.182598181583654,1
USER_00191,男,其他,低,37,177,-1.4763624266643154,2.270885392668212,1
USER_00192,女,湛江,低,29,93,-0.86154923783809,0.507892909586413,1
USER_00193,男,其他,高,29,6,0.3351324697556359,-0.8632373346598053,2
USER_00194,男,其他,中,38,64,0.1358243948667538,0.5482769792393787,0
USER_00195,男,广州,中,24,49,-0.5817305267919486,-0.4840028708670537,2
USER_00196,女,其他,中,44,1,1.3926110820454654,-0.0852874159250374,0
USER_00197,女,北京,低,40,80,0.0506858654937065,0.9315172107272892,0
USER_00198,未透露,深圳,中,32,25,0.2694378840148222,-0.4081936529992449,2
USER_00199,男,其他,低,16,66,-1.3552668518126652,-0.6771529063495815,2
USER_00200,男,北京,中,16,16,-0.6675333561232087,-1.4716421318604531,2
USER_00201,男,上海,高,26,56,-0.5503490008398068,-0.2501323662868667,2
USER_00202,男,其他,中,17,4,-0.4376143940997443,-1.6026838437297803,2
USER_00203,男,其他,低,59,9,2.262493760779704,0.8892216189502975,0
USER_00204,未透露,上海,低,24,52,-0.6305342545663113,-0.4335651875664349,2
USER_00205,女,其他,中,25,10,0.0124684023566829,-1.0376089722546515,2
USER_00206,女,深圳,高,24,173,-2.2729551856028105,1.4828243841597184,1
USER_00207,女,其他,低,27,70,-0.6751499354084344,0.0299984963787901,2
USER_00208,女,上海,低,17,12,-0.5507671213330405,-1.462084629857968,2
USER_00209,男,其他,中,21,104,-1.537305782924116,0.2018777334407762,1
USER_00210,男,北京,低,33,155,-1.4368413274320129,1.6983352456901657,1
USER_00211,女,其他,中,21,26,-0.4737914276311252,-1.016127670711051,2
USER_00212,男,上海,中,33,34,0.2118320183447152,-0.2116180368741276,2
USER_00213,男,上海,中,16,44,-1.0527442726494425,-1.0302934583041137,2
USER_00214,女,广州,中,21,41,-0.6746831730023238,-0.7738512508118913,2
USER_00215,男,其他,中,43,100,-0.0273713485922991,1.4041397395923694,1
USER_00216,女,其他,中,37,56,0.1818267532848039,0.3803200870791909,0
USER_00217,女,其他,高,40,68,0.2184574961276338,0.7563883321601609,0
USER_00218,男,其他,低,21,35,-0.5967615257778687,-0.8791258964356634,2
USER_00219,男,广州,中,32,15,0.4045936989564281,-0.5678860879711998,2
USER_00220,女,其他,中,33,5,0.6112739956937554,-0.6544293740625906,2
USER_00221,女,其他,低,46,134,-0.2970771536310231,2.1231168339710527,1
USER_00222,男,其他,中,16,3,-0.4935837598670776,-1.6778715721541746,2
USER_00223,男,其他,高,16,48,-1.100310803387852,-0.9508200784491222,2
USER_00224,男,其他,低,43,173,-1.0278437425082847,2.5513879142378917,1
USER_00225,女,北京,中,30,73,-0.5120906793954803,0.2446359799029114,2
USER_00226,女,深圳,中,16,292,-4.429865005105819,2.869529894492634,1
USER_00227,男,湛江,高,39,12,0.9114547976365548,-0.1927273558664233,0
USER_00228,男,其他,中,43,15,1.132485894801889,0.0646392556978338,0
USER_00229,未透露,上海,中,30,50,-0.203885211269074,-0.1277036742704912,2
USER_00230,男,广州,低,39,26,0.7137477539615715,0.0132616591807396,0
USER_00231,女,上海,中,32,22,0.3064571071161863,-0.4514469093952734,2
USER_00232,女,湛江,低,29,10,0.2725272638340977,-0.799542026116918,2
USER_00233,女,其他,中,37,49,0.2788743531017723,0.2713255811975749,0
USER_00234,男,北京,低,39,47,0.4367920027230516,0.3484408879895631,0
USER_00235,女,湛江,高,49,28,1.3517151456055805,0.6408105647802974,0
USER_00236,男,湛江,高,22,43,-0.6344152924436889,-0.6785693342589512,2
USER_00237,男,其他,中,28,3,0.3051089337323315,-0.986713039309878,2
USER_00238,男,湛江,中,31,17,0.3064991739478215,-0.59359259788447,2
USER_00239,女,其他,中,31,5,0.4791258217494233,-0.7697995230066154,2
USER_00240,男,其他,高,25,34,-0.309322657219507,-0.6509003792180331,2
USER_00241,女,其他,中,21,21,-0.4038343639255322,-1.094556230312206,2
USER_00242,男,北京,中,32,7,0.5201481947630886,-0.6920844748958038,2
USER_00243,女,其他,低,26,5,0.1418180626511588,-1.0541845152164109,2
USER_00244,女,其他,高,26,137,-1.6523864969519846,1.0359233654919136,1
USER_00245,男,其他,中,36,80,-0.2169283322431324,0.6854761087616054,0
USER_00246,男,其他,高,40,112,-0.3844575402133843,1.4353033120882588,1
USER_00247,女,其他,中,36,65,-0.0102830154562232,0.4618094403670603,0
USER_00248,男,北京,中,58,8,2.216153318121308,0.8101930672219634,0
USER_00249,女,上海,低,19,77,-1.3048269481648336,-0.3203046372962545,2
USER_00250,女,湛江,中,25,63,-0.7127446762419262,-0.1976713750637648,2
USER_00251,男,其他,低,18,57,-1.0928754198974946,-0.7000437782230825,2
USER_00252,男,北京,中,38,31,0.5887885342513239,0.0295508837634874,0
USER_00253,女,其他,中,16,23,-0.765856462613447,-1.3521745642240894,2
USER_00254,未透露,北京,低,21,43,-0.7013549242494431,-0.7431534600336849,2
USER_00255,男,其他,中,16,44,-1.0499163743128554,-1.0277001384886544,2
USER_00256,女,上海,中,25,49,-0.518651011987147,-0.4210906171965481,2
USER_00257,女,北京,中,35,33,0.3657530419421449,-0.0980188511919318,0
USER_00258,男,其他,中,28,36,-0.1448376319851892,-0.4674402041075999,2
USER_00259,男,其他,高,36,14,0.6877331158949274,-0.3374293822805497,0
USER_00260,女,广州,中,30,7,0.3849739973041811,-0.7953534150083483,2
USER_00261,未透露,湛江,中,16,88,-1.6545249218650602,-0.3277893720361133,2
USER_00262,男,上海,中,35,61,-0.0255361678611381,0.3288702332933347,0
USER_00263,男,上海,高,57,32,1.8221249411563445,1.1437904811697084,0
USER_00264,女,其他,中,46,101,0.1537815096347164,1.5995318555493243,0
USER_00265,男,北京,中,32,137,-1.2551267331444,1.3538002667972608,1
USER_00266,男,北京,中,23,135,-1.8230176304653671,0.8049174753117152,1
USER_00267,男,其他,高,33,101,-0.6983537755678466,0.8623149531233111,1
USER_00268,男,其他,中,37,54,0.2105888571178472,0.3388988198623508,0
USER_00269,男,北京,中,20,55,-0.9251874023091315,-0.6208113018243548,2
USER_00270,未透露,北京,中,39,29,0.680597190614276,0.0619727225914861,0
USER_00271,女,上海,中,31,48,-0.1096898126370574,-0.0963198153541895,2
USER_00272,女,其他,高,56,133,0.3785354799801567,2.6878622294657992,1
USER_00273,女,其他,中,18,52,-1.0204046365636767,-0.7733740023361456,2
USER_00274,男,其他,低,51,2,1.8328492446620412,0.3202522853300131,0
USER_00275,未透露,深圳,低,36,67,-0.0411678521106631,0.4933600944839767,0
USER_00276,女,深圳,中,49,55,0.9869086576104704,1.049529966186872,0
USER_00277,女,其他,中,47,6,1.5197778892047435,0.1634332298784802,0
USER_00278,女,北京,中,28,22,0.0485179013694266,-0.6772995663706096,2
USER_00279,男,其他,中,16,23,-0.7674242044268488,-1.364321930245722,2
USER_00280,男,北京,中,28,55,-0.39699575785553,-0.1619662774689477,2
USER_00281,女,湛江,中,32,32,0.1723444575620926,-0.2878830953284811,2
USER_00282,男,广州,中,45,25,1.1265089179144294,0.3343121647708005,0
USER_00283,女,其他,中,40,63,0.2819346859578646,0.660104980424763,0
USER_00284,未透露,北京,高,38,0,1.0152502433996398,-0.4346434187944284,0
USER_00285,女,其他,中,29,5,0.3468894768789421,-0.8845699625116745,2
USER_00286,女,上海,中,38,18,0.7574358813484015,-0.1700876988812253,0
USER_00287,女,其他,中,50,15,1.5938436020904094,0.4722548015521149,0
USER_00288,男,北京,高,41,57,0.4379469539303337,0.632411827572724,0
USER_00289,男,其他,中,33,14,0.4856956093625246,-0.5255406113194101,2
USER_00290,未透露,湛江,低,20,39,-0.7175765995817682,-0.8621276379881462,2
USER_00291,男,其他,低,46,107,0.0680585508664071,1.6876397157398957,1
USER_00292,男,上海,中,36,26,0.5134308366280611,-0.1703223491198877,0
USER_00293,女,其他,中,40,16,0.9194523960348182,-0.0842359686273925,0
USER_00294,女,深圳,中,23,5,-0.0502462720025468,-1.231901986828623,2
USER_00295,女,湛江,中,38,99,-0.3450029836922476,1.112394948881312,1
USER_00296,男,北京,高,38,51,0.3220034347865025,0.3656262384900932,0
USER_00297,女,其他,中,49,34,1.27104848013649,0.7184569926932521,0
USER_00298,未透露,北京,中,16,25,-0.7902270737923279,-1.3253045869593727,2
USER_00299,男,其他,中,35,43,0.2264953643419015,0.0495902830112599,0
USER_00300,男,北京,高,25,112,-1.3734005519667385,0.576309860722272,1
USER_00301,男,广州,中,24,36,-0.4083686174873021,-0.6945637799839856,2
USER_00302,男,其他,中,29,38,-0.1037576979028167,-0.3747989940600209,2
USER_00303,女,其他,中,17,55,-1.1282474257399082,-0.7836833917460369,2
USER_00304,未透露,其他,中,17,65,-1.2690925084180704,-0.6330301038137128,2
USER_00305,男,北京,中,20,38,-0.6947714057721214,-0.8906149445570529,2
USER_00306,男,湛江,中,39,21,0.782130909958908,-0.0714967476312628,0
USER_00307,女,其他,低,25,8,0.0367400707959841,-1.0631698237723013,2
USER_00308,未透露,其他,中,16,92,-1.7094732386947775,-0.2701934399844413,2
USER_00309,女,其他,高,33,87,-0.5038496486230438,0.6549054863825541,1
USER_00310,女,其他,高,36,18,0.6319032617999538,-0.2645680933840012,0
USER_00311,男,深圳,高,40,18,0.8967041257891982,-0.048444866177964,0
USER_00312,男,深圳,中,40,36,0.6505677564059319,0.2202307276224139,0
USER_00313,女,湛江,低,27,133,-1.539523880682415,1.0212806423967862,1
USER_00314,男,其他,中,37,105,-0.4890684823157512,1.1387779454368951,1
USER_00315,女,其他,中,25,25,-0.1924254828605232,-0.8026295367320011,2
USER_00316,男,其他,中,29,185,-2.1118635892322843,1.9295188203946212,1
USER_00317,女,其他,高,61,72,1.5394123907673054,2.0126308049049233,0
USER_00318,男,其他,中,28,7,0.2504779052191107,-0.9234897863766272,2
USER_00319,男,北京,高,38,28,0.6320800345752773,-0.0015596330383924,0
USER_00320,男,其他,中,32,5,0.5436478514456865,-0.7254821026752776,2
USER_00321,女,上海,中,20,3,-0.2257952700003828,-1.4380285948219949,2
USER_00322,女,湛江,高,50,263,-1.785874554861645,4.3837634354152275,1
USER_00323,男,其他,低,25,6,0.0619181523824432,-1.1070178600255194,2
USER_00324,男,北京,中,27,3,0.2442407805611108,-1.041063756181817,2
USER_00325,女,其他,低,16,48,-1.105970410280591,-0.9514427348461704,2
USER_00326,女,深圳,高,42,108,-0.1976693522660224,1.4965962784000475,1
USER_00327,男,上海,中,46,66,0.626957736295953,1.0349363868998978,0
USER_00328,女,北京,中,28,32,-0.0855972003193739,-0.5180286032157495,2
USER_00329,男,上海,中,33,12,0.5100587568603214,-0.5588765485124135,2
USER_00330,男,上海,低,18,80,-1.411507464877004,-0.3434660691933364,2
USER_00331,未透露,湛江,高,16,93,-1.719477112127966,-0.2329113839645564,2
USER_00332,男,湛江,高,60,19,2.1897979765025486,1.1115627907950627,0
USER_00333,女,湛江,中,21,76,-1.156898423884292,-0.224114604057648,2
USER_00334,女,其他,中,16,18,-0.6985720460451066,-1.4308982095435872,2
USER_00335,女,深圳,中,30,50,-0.1974507582416488,-0.1203899814381451,2
USER_00336,女,其他,中,43,47,0.6993988856545351,0.5827141380877007,0
USER_00337,男,其他,高,33,57,-0.0933999036579685,0.1730518044781346,2
USER_00338,男,北京,中,52,3,1.8932839331537548,0.3902258524210922,0
USER_00339,男,北京,低,22,17,-0.2854100913890911,-1.1067860610294888,2
USER_00340,男,其他,中,47,10,1.4649497825538311,0.2146046973886809,0
USER_00341,男,北京,中,22,1,-0.0609172594364764,-1.3616368382509068,2
USER_00342,男,其他,中,42,73,0.2753321525745588,0.9208375472776146,0
USER_00343,女,深圳,中,35,74,-0.1957985125768468,0.5463477981484359,0
USER_00344,女,其他,高,20,172,-2.5257671390400565,1.2371062990373567,1
USER_00345,女,广州,低,49,68,0.8024163469436766,1.260894020025955,0
USER_00346,女,其他,高,53,20,1.7269785052565954,0.7397535741261194,0
USER_00347,女,上海,中,16,47,-1.0920521250405144,-0.9718988652793668,2
USER_00348,女,上海,高,16,10,-0.5863385826017699,-1.5412993694263213,2
USER_00349,女,其他,中,35,93,-0.4578633664138549,0.8453264483190562,1
USER_00350,女,上海,中,35,30,0.4005222382595896,-0.1516778782679409,0
USER_00351,女,其他,中,19,39,-0.7783030089120302,-0.920142108742576,2
USER_00352,未透露,其他,高,51,9,1.7429004685759273,0.4500006077598711,0
USER_00353,男,其他,低,32,91,-0.6354914854649832,0.6341283206790488,1
USER_00354,女,其他,中,16,35,-0.9265898530882044,-1.1609199955370724,2
USER_00355,男,其他,中,35,71,-0.1584209361542093,0.4886166839949751,0
USER_00356,男,湛江,高,52,14,1.7390304726217232,0.5800384550487767,0
USER_00357,女,其他,高,60,11,2.305017694215232,0.9977545507863028,0
USER_00358,女,其他,中,26,10,0.0754518766438117,-0.9811336485720972,2
USER_00359,男,其他,中,16,8,-0.5621377607847106,-1.5986780922127897,2
USER_00360,男,其他,低,18,22,-0.6205585532000741,-1.2577167927896715,2
USER_00361,男,其他,低,16,26,-0.8117565959666139,-1.3106921925302246,2
USER_00362,女,北京,中,49,21,1.4481335661318648,0.5108484909760873,0
USER_00363,女,北京,中,58,3,2.2868012778150644,0.7431291304169879,0
USER_00364,女,其他,中,28,46,-0.2803931729955165,-0.2963635553134792,2
USER_00365,女,其他,中,31,4,0.4923311738457355,-0.7852073033778803,2
USER_00366,男,广州,中,47,61,0.7667597953591823,1.0198641725401336,0
USER_00367,女,其他,中,26,28,-0.1707030131994936,-0.6977950597676216,2
USER_00368,男,上海,中,21,66,-1.02282136467107,-0.3970488817771435,2
USER_00369,未透露,其他,中,54,77,1.0086087281846046,1.6751299118462375,0
USER_00370,男,深圳,中,19,24,-0.5768732709306122,-1.174766092391906,2
USER_00371,女,其他,高,16,1,-0.4597650058244819,-1.6796199260529028,2
USER_00372,男,其他,中,17,36,-0.8737469281431406,-1.0990260349642946,2
USER_00373,男,其他,中,44,92,0.14806012771846,1.3344817756303844,0
USER_00374,男,其他,中,29,32,-0.0238280540010135,-0.4721917133513552,2
USER_00375,男,北京,中,16,65,-1.333171648745489,-0.6963073157650493,2
USER_00376,女,上海,中,30,7,0.3817265977012177,-0.80082394814077,2
USER_00377,女,其他,低,20,14,-0.3765190802774705,-1.2576847775725917,2
USER_00378,女,上海,中,21,71,-1.08869156361972,-0.3081217430374618,2
USER_00379,男,其他,高,25,3,0.1118073802333502,-1.141450816282055,2
USER_00380,女,北京,中,31,26,0.1924080964998207,-0.4405709047842112,2
USER_00381,男,其他,高,34,41,0.1917836736784876,-0.0214612567754023,0
USER_00382,女,北京,中,33,15,0.4764102490512927,-0.4981672653263501,2
USER_00383,女,其他,中,18,41,-0.8718904759177213,-0.9469795772424804,2
USER_00384,男,其他,中,38,21,0.7187431042565153,-0.1316546785794938,0
USER_00385,男,上海,中,39,41,0.5135412786983652,0.2437946336276145,0
USER_00386,女,北京,中,26,64,-0.6555309365107745,-0.1288027489646278,2
USER_00387,男,其他,中,31,33,0.0952844707896525,-0.3400805254561443,2
USER_00388,男,其他,低,22,55,-0.8010258252560618,-0.5027622199853867,2
USER_00389,男,深圳,中,23,35,-0.4598987675770891,-0.7699450224227148,2
USER_00390,女,湛江,高,32,77,-0.43742156686613,0.4406752334421014,2
USER_00391,男,上海,高,45,36,0.9800861679739552,0.5230625204984211,0
USER_00392,男,其他,低,22,102,-1.4470728145614598,0.2320010440557295,1
USER_00393,男,湛江,低,31,119,-1.0850880026319565,1.0208429258432188,1
USER_00394,女,湛江,高,38,53,0.2902477243101178,0.4090897310353856,0
USER_00395,女,深圳,中,16,78,-1.5128515871682675,-0.4840608859331218,2
USER_00396,女,其他,中,34,25,0.4043488657660604,-0.2847159461406364,2
USER_00397,女,其他,高,54,19,1.8059392869732145,0.7830474333432919,0
USER_00398,女,其他,中,39,205,-1.7209991065515806,2.8292296366913607,1
USER_00399,男,上海,高,50,8,1.690982374463559,0.3677148338214959,0
USER_00400,男,其他,高,41,107,-0.2514798986711193,1.414871660639054,1
USER_00401,女,其他,低,35,55,0.061381158232614,0.2549656954405513,0
USER_00402,女,上海,低,31,27,0.1707497226641001,-0.4227006502994245,2
USER_00403,男,北京,中,53,110,0.4968417436018656,2.1309100563357037,0
USER_00404,男,其他,高,34,97,-0.5737613874089668,0.8572454278890322,1
USER_00405,女,其他,中,28,86,-0.8272220979057209,0.3321227172561268,1
USER_00406,男,深圳,中,16,88,-1.651149361089083,-0.3374945665791563,2
USER_00407,男,上海,中,25,21,-0.1445657594170056,-0.8806395167824876,2
USER_00408,男,其他,中,27,48,-0.3725822608740999,-0.333892303127672,2
USER_00409,男,其他,中,32,6,0.5283193046624783,-0.710016704068015,2
USER_00410,女,广州,中,33,3,0.6378599474759358,-0.6837709900181984,2
USER_00411,男,其他,中,25,51,-0.5456091093113593,-0.3988778651173338,2
USER_00412,女,其他,中,41,11,1.0546882061550014,-0.1018798175989263,0
USER_00413,男,广州,中,40,54,0.4066595220518985,0.5105958607280288,0
USER_00414,男,其他,中,40,41,0.581813356767765,0.302087660058435,0
USER_00415,男,深圳,中,33,23,0.3622643044013061,-0.3869068110413879,2
USER_00416,未透露,北京,中,45,2,1.446469520775896,-0.0190389982189294,0
USER_00417,女,其他,中,26,120,-1.4249439228022185,0.7495278815733795,1
USER_00418,女,其他,高,51,164,-0.3724711866268584,2.8866233881794794,1
USER_00419,女,广州,低,39,5,1.005548182531949,-0.3036959800041855,0
USER_00420,女,其他,高,27,13,0.1075767276488877,-0.8556999640275973,2
USER_00421,男,湛江,中,16,17,-0.6883960214191838,-1.4552249426297368,2
USER_00422,女,北京,低,41,95,-0.0890129652212767,1.2249263338666614,1
USER_00423,女,其他,低,40,1,1.1260040782895662,-0.3127120195732925,0
USER_00424,女,其他,低,24,36,-0.4102597141872698,-0.6806796047877851,2
USER_00425,男,其他,中,35,88,-0.3903241844239652,0.7559923564224043,1
USER_00426,女,其他,中,39,28,0.693039180732494,0.0505357144174004,0
USER_00427,男,深圳,中,42,29,0.8756073011659493,0.2248360805272335,0
USER_00428,女,其他,中,34,60,-0.0713637587192442,0.2690096567292587,0
USER_00429,男,其他,高,41,52,0.5025693814417912,0.5515532657541223,0
USER_00430,未透露,其他,中,16,35,-0.9289063254761816,-1.1662458443936017,2
USER_00431,女,北京,中,26,2,0.1897491757960644,-1.1052007529535484,2
USER_00432,男,广州,低,16,20,-0.7288486744021566,-1.4045699430903336,2
USER_00433,女,上海,中,21,36,-0.6105811110070707,-0.8609947276286967,2
USER_00434,男,北京,中,23,1,0.0056587786450565,-1.303925509741319,2
USER_00435,男,广州,低,37,17,0.7042212913682335,-0.243119200007481,0
USER_00436,女,深圳,高,64,47,2.0818909680010695,1.7938208659950263,0
USER_00437,男,广州,中,31,60,-0.2723372380202177,0.0867892156301949,2
USER_00438,未透露,北京,中,44,25,1.0652256265599591,0.2841059727678668,0
USER_00439,男,深圳,低,41,18,0.9541239054983004,-0.0030512719318898,0
USER_00440,女,其他,低,50,0,1.7966205972639573,0.243452545053871,0
USER_00441,女,北京,中,33,58,-0.1076459751592187,0.1828391554892253,2
USER_00442,男,深圳,中,24,23,-0.2313830136823679,-0.9037310814293636,2
USER_00443,男,深圳,中,38,55,0.2612768806795864,0.4090554136329805,0
USER_00444,女,深圳,中,29,0,0.4149574336065482,-0.9642265444463588,2
USER_00445,女,其他,中,36,6,0.7932730632421486,-0.4683670711505325,0
USER_00446,女,北京,中,39,7,0.985342752387072,-0.2772264167197413,0
USER_00447,男,深圳,中,64,2,2.6888342480773346,1.0545444485791062,0
USER_00448,男,其他,中,26,65,-0.6746762753112223,-0.1240089016270918,2
USER_00449,女,其他,中,54,16,1.8406300258219503,0.7166341074584833,0
USER_00450,男,其他,中,23,80,-1.0763497571478151,-0.0605146122956593,2
USER_00451,女,其他,低,16,43,-1.0377241911341557,-1.0269065823981225,2
USER_00452,男,其他,中,23,58,-0.774994908202735,-0.4046759048195101,2
USER_00453,男,上海,中,20,1,-0.1998316226211916,-1.4813005867664557,2
USER_00454,女,其他,中,26,3,0.1711817987291932,-1.090574757603704,2
USER_00455,男,广州,中,16,12,-0.6160755873410605,-1.5326014338000262,2
USER_00456,未透露,湛江,中,47,7,1.5015399874041229,0.1747081913874773,0
USER_00457,女,北京,中,30,1,0.471022022147739,-0.8913413217988372,2
USER_00458,男,深圳,高,36,1,0.8668505001073978,-0.5425669377229524,0
USER_00459,女,湛江,中,30,109,-1.010958081902258,0.8098532386953619,1
USER_00460,女,其他,低,34,17,0.5077580376712288,-0.4060668074921558,2
USER_00461,未透露,深圳,中,38,8,0.8988550774111163,-0.3283088188222363,0
USER_00462,女,其他,中,16,89,-1.664729018098306,-0.3094045971911118,2
USER_00463,男,广州,中,16,169,-2.758699437669811,0.9344886068991922,1
USER_00464,女,广州,中,21,7,-0.212250567154064,-1.311747922533903,2
USER_00465,男,其他,中,35,42,0.2402889843203365,0.0328582861901098,0
USER_00466,女,上海,中,42,2,1.24333303930507,-0.1897524176250092,0
USER_00467,男,其他,中,35,101,-0.5688000813652458,0.9600391753748174,1
USER_00468,男,其他,高,53,79,0.9212771153246456,1.6620285152873593,0
USER_00469,男,其他,低,30,198,-2.226939282667481,2.1943550314374782,1
USER_00470,女,其他,中,17,23,-0.6968336749869638,-1.2935104603030354,2
USER_00471,男,上海,中,34,33,0.2923704083459552,-0.1698536831512201,2
USER_00472,女,其他,低,16,26,-0.8100567715357849,-1.298737436666641,2
USER_00473,女,其他,中,45,111,-0.0468099050079326,1.6999095709887957,1
USER_00474,男,其他,中,29,35,-0.0628818885866139,-0.4236679346386841,2
USER_00475,女,其他,高,55,64,1.260684358340418,1.5494561393925688,0
USER_00476,女,北京,中,29,22,0.1154139574858785,-0.6186146727787657,2
USER_00477,女,广州,中,25,0,0.148872167642622,-1.1913105251288263,2
USER_00478,女,其他,中,42,7,1.1781729310169584,-0.1070229329697155,0
USER_00479,女,其他,中,39,47,0.4368838052178805,0.3533094639648255,0
USER_00480,男,湛江,高,37,26,0.5870043743512262,-0.0881106643320017,0
USER_00481,男,北京,中,33,147,-1.3247508132894092,1.5680633219783122,1
USER_00482,男,其他,中,30,17,0.2432525011712257,-0.6558066666890813,2
USER_00483,男,其他,中,29,3,0.3724233807288233,-0.9278322796243388,2
USER_00484,男,广州,中,32,16,0.3876562323488586,-0.5535461524113088,2
USER_00485,女,其他,中,28,32,-0.0896188777321133,-0.5191967226401543,2
USER_00486,男,其他,低,39,46,0.4445129243248096,0.3303266753765497,0
USER_00487,男,其他,高,39,29,0.6822764735186551,0.0727706777256453,0
USER_00488,女,其他,高,44,57,0.6340542913358318,0.8155066060023787,0
USER_00489,男,其他,低,34,36,0.2514711689259754,-0.1157816436029209,0
USER_00490,男,其他,中,48,34,1.2032413470622068,0.6487049386517878,0
USER_00491,男,北京,中,24,16,-0.1362063337001164,-1.0129163899117173,2
USER_00492,女,北京,低,32,0,0.6131626263810207,-0.7865854041242228,2
USER_00493,男,其他,中,28,15,0.1396852702859145,-0.79973268817364,2
USER_00494,女,广州,中,22,111,-1.567186081336604,0.3821176643940742,1
USER_00495,男,其他,中,31,24,0.2174166012164477,-0.4847719548436539,2
USER_00496,女,其他,高,55,9,2.010226130714325,0.6852148044894852,0
USER_00497,女,其他,低,19,5,-0.3193467116809405,-1.453785946908658,2
USER_00498,女,其他,高,44,22,1.1073912383788589,0.2594869024890657,0
USER_00499,未透露,其他,中,16,22,-0.754980585306354,-1.3733191835371643,2
USER_00500,男,北京,中,29,26,0.0593850813761497,-0.5661038269583276,2
USER_00501,女,其他,中,27,106,-1.1673409302994842,0.5896469051846561,1
USER_00502,男,其他,中,57,17,2.0216407166764556,0.8908770861688177,0
USER_00503,男,其他,中,44,25,1.0625198723935734,0.2777186921896518,0
USER_00504,女,上海,中,16,16,-0.6731913219239875,-1.4642332583779063,2
USER_00505,男,北京,高,16,90,-1.6713255395254645,-0.2888820836318163,2
USER_00506,男,深圳,中,33,0,0.6780828778431407,-0.7457322920614567,2
USER_00507,男,深圳,中,41,45,0.5942746289773639,0.4210927971880188,0
USER_00508,男,湛江,低,16,36,-0.946757309254591,-1.1491982802521514,2
USER_00509,女,广州,中,33,186,-1.8617183273409832,2.188973086243279,1
USER_00510,男,北京,中,50,82,0.6816805724026361,1.5185834083339471,0
USER_00511,男,上海,高,50,36,1.3096618549054195,0.8077016143435582,0
USER_00512,男,深圳,高,23,17,-0.2149933170148898,-1.03936067957719,2
USER_00513,女,其他,低,40,30,0.7303818564834434,0.1416347737744598,0
USER_00514,男,广州,高,40,12,0.980251373852024,-0.1366616568220931,0
USER_00515,男,湛江,中,23,158,-2.144670313350514,1.1639642723197785,1
USER_00516,女,其他,低,31,39,0.0133085106818142,-0.2270130953667526,2
USER_00517,未透露,北京,中,24,7,-0.0090347918615889,-1.1453279033553296,2
USER_00518,女,其他,中,24,7,-0.0117028816232293,-1.141229354668126,2
USER_00519,女,其他,中,17,21,-0.6700428050705566,-1.325017037460107,2
USER_00520,女,广州,中,42,110,-0.2293540950343662,1.5138778689938284,1
USER_00521,女,北京,高,18,158,-2.462134099795891,0.9059927877331176,1
USER_00522,女,上海,中,30,56,-0.2858993673188383,-0.0267388416181465,2
USER_00523,男,广州,低,58,28,1.93511142874227,1.1290985977846053,0
USER_00524,男,上海,中,16,11,-0.6071861548718248,-1.5537961666577167,2
USER_00525,男,其他,低,37,13,0.7614285049166863,-0.3048126976704172,0
USER_00526,未透露,上海,低,36,263,-2.720122292976919,3.56000399287437,1
USER_00527,女,其他,中,26,45,-0.3990281285364352,-0.4278117358168982,2
USER_00528,男,其他,低,16,10,-0.5918361733484442,-1.5626312209503588,2
USER_00529,女,其他,低,32,189,-1.9700646712403107,2.1809215058951175,1
USER_00530,女,上海,中,38,63,0.146262860065246,0.5427845345527473,0
USER_00531,男,其他,中,34,73,-0.2511991889721836,0.4636310603371809,0
USER_00532,女,北京,高,17,22,-0.675172284301477,-1.2906822326515432,2
USER_00533,女,上海,中,23,94,-1.2700536898926047,0.1679138483245207,1
USER_00534,女,北京,中,18,1,-0.3232443513823296,-1.5781573450526607,2
USER_00535,女,其他,高,29,125,-1.286505102662494,1.0212783875013025,1
USER_00536,未透露,北京,中,16,23,-0.7635246073540676,-1.3561859190224437,2
USER_00537,男,其他,低,33,22,0.3716030035653233,-0.3965191776314818,2
USER_00538,女,上海,中,39,22,0.7702754465804877,-0.0487684127976477,0
USER_00539,女,上海,高,16,1,-0.4634709214796063,-1.6829446805632335,2
USER_00540,男,上海,低,32,16,0.3821425662616199,-0.5536971849567123,2
USER_00541,未透露,其他,中,38,71,0.0369568920376588,0.6652328847200686,0
USER_00542,男,深圳,低,63,146,0.6503344985052231,3.2646025554711997,1
USER_00543,女,深圳,中,27,11,0.1310582586960196,-0.9059608418945484,2
USER_00544,女,上海,中,16,96,-1.7647136741643334,-0.2058916076320006,2
USER_00545,男,北京,高,38,26,0.6581033143805954,-0.0339289771346065,0
USER_00546,女,其他,中,40,59,0.338494066360066,0.598097217745668,0
USER_00547,女,其他,高,45,16,1.25266807801883,0.2199321504274693,0
USER_00548,男,北京,高,56,72,1.216133007738564,1.7190474957554371,0
USER_00549,男,深圳,中,23,18,-0.2325172468270682,-1.0407042558167554,2
USER_00550,男,北京,中,19,170,-2.567270131236074,1.1242852505805467,1
USER_00551,男,其他,中,28,18,0.09722845269896,-0.7529502719797211,2
USER_00552,男,其他,低,45,10,1.3302770972615194,0.1041764275291318,0
USER_00553,男,其他,低,49,54,0.9961985164287008,1.028686849703225,0
USER_00554,男,其他,中,16,9,-0.5753529209417519,-1.5821848571295305,2
USER_00555,女,其他,低,16,62,-1.2983622553670762,-0.7294123274764761,2
USER_00556,女,北京,中,41,35,0.7344463396874757,0.2770321903363056,0
USER_00557,男,其他,低,44,30,0.9932872761268272,0.3619603761656212,0
USER_00558,女,其他,中,43,98,0.0011811914941496,1.3822529902518277,0
USER_00559,男,其他,高,16,192,-3.066778339621863,1.30762839079547,1
USER_00560,女,其他,中,17,41,-0.939622139207634,-1.005725307431176,2
USER_00561,女,湛江,中,37,66,0.0394962843806025,0.5384836660368396,0
USER_00562,男,北京,低,25,0,0.1491287937498892,-1.1992947850175966,2
USER_00563,女,其他,中,41,84,0.0613860659549341,1.047509039133108,0
USER_00564,女,其他,高,25,35,-0.3214211602583955,-0.6244666130864887,2
USER_00565,女,其他,高,34,25,0.4090969294239749,-0.2671732161678439,0
USER_00566,男,其他,高,60,18,2.206482113978898,1.0929761311486654,0
USER_00567,男,其他,中,24,49,-0.5824748134876898,-0.4876025057478347,2
USER_00568,女,其他,低,41,0,1.2032242996376887,-0.2698665235184411,0
USER_00569,女,北京,中,19,21,-0.5331211597070958,-1.207432726394411,2
USER_00570,女,广州,中,18,25,-0.6556357077703256,-1.2015425817998968,2
USER_00571,男,其他,中,53,20,1.7211048988497877,0.7106774052450948,0
USER_00572,男,深圳,低,24,51,-0.6123012742740306,-0.451366556124554,2
USER_00573,女,其他,高,50,5,1.7369963811832594,0.3343528769814959,0
USER_00574,男,广州,中,26,196,-2.4636651613555327,1.9310676788263703,1
USER_00575,男,其他,高,50,60,0.985001450180674,1.187146272872082,0
USER_00576,男,广州,中,24,15,-0.1236084889464336,-1.026690052869106,2
USER_00577,男,湛江,中,43,172,-1.014876337449793,2.5313038150135543,1
USER_00578,女,北京,高,25,151,-1.9035701136759768,1.1981028555821198,1
USER_00579,男,北京,中,49,15,1.5306908611127592,0.4069000998360845,0
USER_00580,男,其他,中,46,56,0.7693842068788332,0.8816350714655773,0
USER_00581,女,其他,中,39,100,-0.2889930579248473,1.1859816080125665,1
USER_00582,女,北京,高,22,144,-2.0056538838340816,0.91556709301524,1
USER_00583,女,其他,中,51,56,1.0998797986224529,1.1772991113983573,0
USER_00584,男,北京,中,40,14,0.9529528192691936,-0.1240287901054301,0
USER_00585,男,其他,中,27,55,-0.4667778022351433,-0.2199862301406047,2
USER_00586,未透露,北京,高,37,28,0.5673996375712346,-0.0509732015519651,0
USER_00587,男,其他,低,16,28,-0.8383569348900031,-1.2793980977516866,2
USER_00588,女,北京,中,26,47,-0.4218944620365645,-0.3929417470834689,2
USER_00589,女,上海,中,36,0,0.8721451796563229,-0.5655044590261923,0
USER_00590,男,上海,中,38,14,0.8134932318289856,-0.2423026322039989,0
USER_00591,男,湛江,中,51,4,1.8050074679642816,0.3488324032459917,0
USER_00592,未透露,其他,低,43,86,0.1591776918015873,1.1944393277000345,0
USER_00593,女,其他,中,49,66,0.8319095816972004,1.222004280617133,0
USER_00594,女,北京,中,40,126,-0.575834636755976,1.6500284415933095,1
USER_00595,女,其他,中,41,54,0.4727824263989809,0.576829620137121,0
USER_00596,女,湛江,中,28,14,0.1525113219569456,-0.800432955796704,2
USER_00597,女,深圳,中,38,3,0.9701016615893348,-0.4014634654814375,0
USER_00598,女,广州,中,34,1,0.7333354486443237,-0.6574852536630372,2
USER_00599,男,其他,高,41,5,1.1430775928479295,-0.1901139258919655,0
USER_00600,女,深圳,中,31,15,0.3416136146013639,-0.6157974272035828,2
USER_00601,男,上海,高,38,106,-0.4403582601619434,1.2242156284020251,1
USER_00602,女,其他,高,19,17,-0.4784571682397523,-1.2540191816998627,2
USER_00603,男,上海,中,16,21,-0.7436551145831793,-1.3983925710501932,2
USER_00604,女,其他,中,38,122,-0.6567090168359797,1.4710344206861694,1
USER_00605,未透露,广州,中,40,104,-0.2806591016076789,1.3005317398584333,1
USER_00606,男,深圳,中,32,34,0.149313521745312,-0.2685087916538562,2
USER_00607,男,其他,中,34,68,-0.1828907381829265,0.3850550482374538,0
USER_00608,男,其他,高,33,55,-0.0657925472170928,0.141741198579139,2
USER_00609,男,其他,中,33,8,0.5679679108440763,-0.6188675787062274,2
USER_00610,男,北京,高,52,110,0.4347035548023382,2.0900455793453787,0
USER_00611,男,深圳,高,33,46,0.0554323623038894,-0.0024996170506219,2
USER_00612,男,北京,中,16,13,-0.6266017471619948,-1.5176176198437803,2
USER_00613,男,其他,中,16,28,-0.8356070302756499,-1.2847333828556984,2
USER_00614,女,其他,中,48,9,1.5440479283663333,0.2664075080264265,0
USER_00615,女,深圳,低,38,6,0.9251384891332044,-0.3499724459862199,0
USER_00616,女,北京,中,58,7,2.232172562111265,0.8061900267658992,0
USER_00617,女,上海,中,30,35,0.0012727508013061,-0.3592648656323152,2
USER_00618,男,北京,中,34,3,0.7091927750577254,-0.6380225682557011,2
USER_00619,男,其他,中,18,0,-0.3165872362847608,-1.6072943178159145,2
USER_00620,女,其他,低,42,86,0.0953061552439361,1.140493808343099,0
USER_00621,女,湛江,中,29,10,0.275052472978345,-0.804181660568255,2
USER_00622,女,其他,中,49,3,1.693798143661639,0.2309961995288927,0
USER_00623,男,其他,低,28,39,-0.1869529168692807,-0.4111717277204029,2
USER_00624,未透露,北京,中,43,3,1.301116767444892,-0.1153403953568758,0
USER_00625,男,其他,中,19,21,-0.5387785310496402,-1.2207395092352291,2
USER_00626,男,北京,中,23,31,-0.4035068799984738,-0.8311175065282335,2
USER_00627,女,其他,中,29,0,0.4136373098190832,-0.9628213570057436,2
USER_00628,女,其他,中,57,3,2.218294221562042,0.6858463479945531,0
USER_00629,女,其他,中,41,36,0.7160167364367693,0.2912009617033086,0
USER_00630,男,其他,中,39,67,0.1618095076585894,0.6572338117256185,0
USER_00631,男,上海,中,36,71,-0.0984472535053907,0.5411790607935906,0
USER_00632,女,其他,低,34,43,0.1582515602207514,0.0088432690434393,0
USER_00633,女,上海,中,20,11,-0.3369990013361,-1.3117917337983085,2
USER_00634,男,上海,中,43,27,0.965066223625581,0.2508516720535804,0
USER_00635,女,其他,高,34,24,0.4233940091662924,-0.282115587413223,0
USER_00636,女,其他,中,26,15,0.0063134818901792,-0.9032976053159524,2
USER_00637,女,上海,中,16,15,-0.6579711340830471,-1.4793193543738514,2
USER_00638,男,其他,中,45,45,0.8564156444744033,0.6492545225587056,0
USER_00639,男,其他,低,40,10,1.0011008047445384,-0.1832736380710103,0
USER_00640,男,其他,中,41,28,0.8219848276290642,0.1526111219251997,0
USER_00641,男,上海,高,28,40,-0.195795875508517,-0.3887437347341768,2
USER_00642,男,其他,中,37,114,-0.61283016030224,1.280103467948789,1
USER_00643,女,广州,低,26,42,-0.3610708641466433,-0.4677049253404847,2
USER_00644,男,北京,低,39,19,0.8133597070799323,-0.097563377322715,0
USER_00645,女,其他,低,30,6,0.3943673119400327,-0.8095102149288852,2
USER_00646,男,深圳,中,25,41,-0.4087620891416955,-0.5581831870966234,2
USER_00647,男,其他,中,48,1,1.652412657303833,0.1279307424922507,0
USER_00648,女,其他,中,39,48,0.4235881316380493,0.3668067062825093,0
USER_00649,女,其他,中,53,24,1.669300795895674,0.7864663972716927,0
USER_00650,男,其他,低,26,132,-1.5938180431256057,0.9320421856331684,1
USER_00651,男,其他,中,45,62,0.6233134771911577,0.9189949199687696,0
USER_00652,女,北京,中,38,56,0.2499385770864124,0.4370724934750456,0
USER_00653,女,深圳,低,32,58,-0.1793157408537019,0.1270805136905159,2
USER_00654,女,其他,中,16,8,-0.5604052000343707,-1.5864551186953233,2
USER_00655,女,其他,高,27,55,-0.4608956966040625,-0.1909456432239965,2
USER_00656,女,上海,高,53,75,0.975852268598052,1.60566836189658,0
USER_00657,女,其他,低,20,25,-0.5265677713338499,-1.0857018713181807,2
USER_00658,男,其他,中,65,127,1.0457088285509415,3.0779641293986755,0
USER_00659,女,其他,中,22,46,-0.6773405218311701,-0.6405954357378633,2
USER_00660,女,其他,中,30,11,0.3282809969018293,-0.7352091744503358,2
USER_00661,女,其他,高,21,81,-1.2181010625630646,-0.1297766306847378,2
USER_00662,未透露,北京,低,43,48,0.6855561716694527,0.5967505892958117,0
USER_00663,未透露,湛江,低,29,3,0.3666740841073145,-0.9148969578403306,2
USER_00664,未透露,其他,低,26,139,-1.6900691784702817,1.0498824910573814,1
USER_00665,男,深圳,高,24,31,-0.3347058088474937,-0.7590532961691422,2
USER_00666,男,北京,高,23,7,-0.0717455502319057,-1.191505903443959,2
USER_00667,未透露,其他,低,16,80,-1.545981452142954,-0.451865960758924,2
USER_00668,男,广州,中,26,6,0.1286864160313144,-1.0525883515295529,2
USER_00669,男,深圳,中,27,20,0.0069666913142839,-0.7793135617711902,2
USER_00670,女,上海,高,35,33,0.3634610303357699,-0.0844370210548955,0
USER_00671,男,其他,低,34,35,0.2659585144149021,-0.1308556039524549,0
USER_00672,男,其他,中,19,33,-0.6995750904699339,-1.028574237507366,2
USER_00673,男,湛江,中,17,64,-1.257770076155731,-0.654573198466022,2
USER_00674,女,其他,中,16,99,-1.8013061841513138,-0.1539111539365298,1
USER_00675,男,其他,低,17,33,-0.8347165114886872,-1.1389707995988172,2
USER_00676,女,湛江,中,26,91,-1.032801349827894,0.2975917985257951,1
USER_00677,男,其他,中,25,71,-0.8221166545272742,-0.0869605277949216,2
USER_00678,男,上海,中,16,9,-0.5783221082163233,-1.584704752697845,2
USER_00679,女,其他,中,17,40,-0.9246234303988412,-1.0230250981437743,2
USER_00680,男,其他,高,39,42,0.5079978766155323,0.2794274270068181,0
USER_00681,男,广州,中,37,16,0.7196480408273511,-0.2641771073840541,0
USER_00682,女,其他,中,26,7,0.1166740841721619,-1.027404349375204,2
USER_00683,男,其他,中,33,93,-0.5930294526232985,0.7181817093056149,1
USER_00684,女,上海,中,21,12,-0.2840441267773664,-1.2382012840042724,2
USER_00685,男,其他,中,35,49,0.1459325665681199,0.1450699024113802,0
USER_00686,女,上海,中,36,21,0.583233297753708,-0.2388125954646164,0
USER_00687,男,湛江,低,24,119,-1.5475627327761996,0.6190596901605462,1
USER_00688,男,湛江,中,23,8,-0.0973474285476241,-1.191983559712216,2
USER_00689,女,深圳,中,46,9,1.412697183910076,0.1515032568873001,0
USER_00690,男,上海,中,27,35,-0.198173416454839,-0.5409793622745485,2
USER_00691,女,其他,中,24,1,0.0698723098690606,-1.2365726009962497,2
USER_00692,女,深圳,中,32,8,0.5039890282191412,-0.6676517025169689,2
USER_00693,男,深圳,中,34,16,0.5226774169561875,-0.4401231187830266,2
USER_00694,男,深圳,低,21,24,-0.4474148358597051,-1.0568444605896457,2
USER_00695,女,北京,中,41,41,0.6503077395282121,0.3701019165358288,0
USER_00696,女,深圳,高,18,0,-0.3091274631305196,-1.5790855881246677,2
USER_00697,女,其他,中,23,1,0.0022373790789857,-1.2939695590886338,2
USER_00698,未透露,其他,低,17,15,-0.591284609851885,-1.418869960699245,2
USER_00699,女,其他,中,35,16,0.5896799207983136,-0.370303747529466,0
USER_00700,男,其他,高,38,62,0.1665814962717101,0.5354940761974734,0
USER_00701,女,其他,低,18,4,-0.3713350952522144,-1.5272013950459375,2
USER_00702,男,上海,中,16,89,-1.669251707744836,-0.3232127076626208,2
USER_00703,女,上海,中,18,172,-2.6655710527658645,1.1035348530160822,1
USER_00704,男,其他,中,35,31,0.3883690290575588,-0.1429052455036349,0
USER_00705,女,其他,中,42,85,0.1127435381157516,1.1201616733954642,0
USER_00706,女,北京,高,33,11,0.5349953686369858,-0.5419693547502961,2
USER_00707,女,深圳,中,28,58,-0.4415647785576929,-0.1074023627357487,2
USER_00708,男,上海,高,39,20,0.8016187225371153,-0.0745296908260596,0
USER_00709,男,其他,高,34,16,0.5269917071474539,-0.4210279844960261,2
USER_00710,女,广州,中,52,28,1.5463905765229402,0.7936781074756576,0
USER_00711,男,北京,中,28,66,-0.5523097278441323,0.0088682445670685,2
USER_00712,女,其他,低,40,41,0.5798644500160645,0.3184177938295434,0
USER_00713,女,其他,中,37,5,0.8778484056304898,-0.4234884032533021,0
USER_00714,女,湛江,高,51,197,-0.8234476369529293,3.406744541904886,1
USER_00715,男,北京,中,37,5,0.8807901759267158,-0.4339346324533438,0
USER_00716,男,其他,中,56,139,0.2914952111486287,2.7546104293694844,1
USER_00717,女,其他,中,31,21,0.2569571884715508,-0.5209637535334154,2
USER_00718,男,北京,中,37,30,0.5390922576363025,-0.0427214451400534,0
USER_00719,男,其他,中,16,86,-1.6254788375592868,-0.3692762613895817,2
USER_00720,女,湛江,中,44,22,1.0990185066143434,0.2427806509237868,0
USER_00721,女,广州,中,31,32,0.1095315074105344,-0.3436517363573518,2
USER_00722,女,上海,中,21,82,-1.238118553508464,-0.1347619707398419,2
USER_00723,女,深圳,中,36,6,0.7944681309298985,-0.4697649168915199,0
USER_00724,女,其他,中,29,1,0.4007394104630115,-0.9478368321785702,2
USER_00725,男,深圳,高,45,41,0.9162088996739742,0.6054524191240588,0
USER_00726,女,北京,中,32,6,0.5338308559204966,-0.6969724838421338,2
USER_00727,女,其他,中,29,39,-0.1162485136251978,-0.3467596616024467,2
USER_00728,男,其他,低,24,47,-0.5589340393210923,-0.5136943788822952,2
USER_00729,男,上海,高,19,56,-1.010799829586432,-0.6488552845910938,2
USER_00730,女,北京,中,16,10,-0.5833460128371238,-1.5543712897355852,2
USER_00731,男,其他,高,17,105,-1.8113150363331896,0.0049780800137668,1
USER_00732,女,上海,中,28,65,-0.5423096164771725,0.0003093740899811,2
USER_00733,未透露,上海,低,48,25,1.31697492740964,0.5101286117062118,0
USER_00734,女,其他,中,49,27,1.364450725419895,0.6069521810508511,0
USER_00735,女,其他,高,33,93,-0.5870531394422975,0.7475601299706086,1
USER_00736,男,深圳,低,47,14,1.4073930748300154,0.2801342380442419,0
USER_00737,女,湛江,中,40,19,0.8760005909603469,-0.0342277770313061,0
USER_00738,男,广州,高,16,191,-3.0541957307300716,1.2946648568578232,1
USER_00739,未透露,深圳,中,47,81,0.4930079836225632,1.336812222674444,0
USER_00740,女,深圳,中,17,15,-0.5855756150260758,-1.419640383155409,2
USER_00741,未透露,北京,中,47,6,1.5219865897279696,0.1587985408862265,0
USER_00742,女,上海,中,45,12,1.3030742518599954,0.1393638997218973,0
USER_00743,男,其他,中,28,27,-0.0231897811287715,-0.6086244005486501,2
USER_00744,女,其他,高,27,24,-0.0415090463094167,-0.6848596176839777,2
USER_00745,男,北京,中,18,13,-0.4900322776488295,-1.4004128875409594,2
USER_00746,男,其他,低,36,7,0.7764692743152092,-0.4589590995973539,0
USER_00747,男,其他,低,24,2,0.0525632844625075,-1.2275043702988988,2
USER_00748,女,深圳,高,30,43,-0.0989163203559851,-0.2119892265904565,2
USER_00749,男,其他,中,33,25,0.3352625116474387,-0.3546286777296346,2
USER_00750,未透露,其他,中,25,61,-0.6869800204722789,-0.2383457010644514,2
USER_00751,男,其他,中,24,27,-0.287286944878093,-0.8386882133478387,2
USER_00752,女,其他,中,32,12,0.4477058405783906,-0.6037657539800851,2
USER_00753,女,其他,高,22,102,-1.437986015350605,0.2554591709394203,1
USER_00754,男,上海,中,24,2,0.0526058077575761,-1.2349641349578513,2
USER_00755,女,深圳,中,40,8,1.0337002181156352,-0.2082381576584261,0
USER_00756,女,其他,中,16,8,-0.5604052000343707,-1.5864551186953233,2
USER_00757,男,上海,中,52,2,1.9002505241784975,0.370463982507195,0
USER_00758,男,深圳,中,21,10,-0.2535278448819973,-1.280372764408771,2
USER_00759,女,上海,中,28,13,0.1646994764768613,-0.8207958313804509,2
USER_00760,男,上海,中,39,87,-0.1149431962526437,0.9681234211995796,0
USER_00761,女,其他,中,37,22,0.6423247571386725,-0.1591136005379595,0
USER_00762,女,广州,高,23,245,-3.3185853002006755,2.557177011647293,1
USER_00763,男,其他,低,39,43,0.4867163296309407,0.283759579368937,0
USER_00764,女,广州,中,45,48,0.8170488416471519,0.7106736934244926,0
USER_00765,男,深圳,中,45,11,1.3181688443002724,0.1140019840989625,0
USER_00766,女,其他,低,34,40,0.2001056881832443,-0.0403671745413173,0
USER_00767,女,北京,低,39,14,0.8854952814247097,-0.1639343624568381,0
USER_00768,女,北京,高,23,193,-2.6083434760550683,1.7407432821577131,1
USER_00769,女,其他,中,42,46,0.6454478030084958,0.5068253792785034,0
USER_00770,女,其他,中,52,16,1.7080120205073028,0.6014102486724485,0
USER_00771,女,上海,中,39,68,0.1451456254777396,0.679768653320657,0
USER_00772,男,北京,高,27,46,-0.338150237813405,-0.3439789542389926,2
USER_00773,女,北京,中,28,132,-1.451187984804586,1.0551760393900154,1
USER_00774,男,湛江,高,16,4,-0.5044320252271173,-1.641238894253155,2
USER_00775,男,北京,中,49,9,1.61388707303242,0.3150527249586293,0
USER_00776,男,其他,低,16,2,-0.4822647779403678,-1.688532412402441,2
USER_00777,女,其他,中,22,4,-0.1047357598233664,-1.3036112036882863,2
USER_00778,女,广州,低,32,26,0.2520356634520382,-0.3781670650776347,2
USER_00779,男,其他,中,54,115,0.4906182503117687,2.2651072642042087,0
USER_00780,女,其他,中,34,145,-1.23249484440642,1.6043809723861016,1
USER_00781,男,北京,中,39,50,0.4004325479920245,0.3901045644958993,0
USER_00782,女,北京,中,18,19,-0.5712508956571782,-1.2952137526935812,2
USER_00783,女,其他,中,22,25,-0.392214589745217,-0.9753507048385706,2
USER_00784,女,其他,高,35,0,0.8171600707970814,-0.6005876238997732,0
USER_00785,女,深圳,中,32,95,-0.682996983422586,0.7008057980979212,1
USER_00786,未透露,其他,中,28,4,0.2903168507860273,-0.964668232837418,2
USER_00787,女,深圳,中,16,4,-0.5037209154149042,-1.650449112581457,2
USER_00788,男,北京,高,24,218,-2.8840998512106437,2.176095637091364,1
USER_00789,男,其他,低,25,18,-0.1040444960017916,-0.9205698490497294,2
USER_00790,男,其他,中,44,18,1.1555476843937127,0.1677137936465727,0
USER_00791,男,其他,高,52,60,1.1165124855051782,1.3032182056213062,0
USER_00792,女,其他,中,40,65,0.2555541917201917,0.6916136928070555,0
USER_00793,女,上海,高,26,47,-0.4252893256234336,-0.3802294997031453,2
USER_00794,女,上海,高,16,165,-2.7008948220079816,0.8941145158884073,1
USER_00795,男,湛江,中,21,2,-0.1479131089966842,-1.4025120876059054,2
USER_00796,男,其他,中,33,13,0.4984062006675989,-0.5405535654813136,2
USER_00797,女,其他,高,55,14,1.9414048570710325,0.762050691541957,0
USER_00798,男,其他,低,31,83,-0.5896129987885985,0.4537425048348685,1
USER_00799,女,其他,中,25,10,0.0124684023566829,-1.0376089722546515,2
USER_00800,女,其他,中,57,121,0.6046397326743508,2.540038412076703,0
USER_00801,男,广州,高,53,20,1.7251552431751065,0.7300257366508197,0
USER_00802,女,深圳,中,44,30,0.9984978135316492,0.3671016692314993,0
USER_00803,男,其他,中,34,174,-1.6308940856318577,2.046570695487283,1
USER_00804,男,北京,中,20,35,-0.6539293316974957,-0.9395542397904868,2
USER_00805,男,其他,低,16,25,-0.7967525377599673,-1.3280036841890894,2
USER_00806,男,其他,中,23,24,-0.3129575112085756,-0.945392199745634,2
USER_00807,女,深圳,中,34,154,-1.3546284087236775,1.7436618105913142,1
USER_00808,男,湛江,中,38,43,0.4197674523710635,0.2223974208025298,0
USER_00809,男,广州,高,18,66,-1.2121434606451225,-0.545115431139459,2
USER_00810,男,北京,中,27,45,-0.3259642062601938,-0.3774557778796751,2
USER_00811,女,其他,中,34,4,0.692346821696276,-0.6117592897318248,2
USER_00812,女,其他,中,48,17,1.4312151460448008,0.3880213266972064,0
USER_00813,男,上海,中,22,140,-1.9641865168626975,0.8211262837093428,1
USER_00814,女,其他,低,34,4,0.6893456612144859,-0.6070642241083398,2
USER_00815,男,其他,低,23,141,-1.913546993161263,0.9030082836318694,1
USER_00816,男,其他,低,42,9,1.1465054414279732,-0.0816616291764774,0
USER_00817,女,北京,中,63,137,0.7814165211331687,3.1328765835439403,0
USER_00818,女,湛江,低,38,150,-1.0435412954859722,1.916332306139082,1
USER_00819,男,其他,高,24,7,-0.0080906755356873,-1.135476593762365,2
USER_00820,男,其他,中,42,2,1.245602486605227,-0.1977341405166301,0
USER_00821,女,其他,中,28,2,0.3201180288326471,-0.9908597183630408,2
USER_00822,女,其他,中,16,21,-0.7391059119846638,-1.3837810044798624,2
USER_00823,女,其他,低,46,45,0.9194914027693796,0.7241561445980652,0
USER_00824,男,其他,中,38,46,0.3807322328137686,0.2667617090862123,0
USER_00825,男,其他,中,48,37,1.163132252556845,0.697011071296509,0
USER_00826,男,其他,高,49,29,1.340419442603689,0.6447554631674207,0
USER_00827,男,上海,中,25,25,-0.1968926768826347,-0.8171291274110959,2
USER_00828,女,湛江,中,30,91,-0.7661769929058406,0.5274706652854806,1
USER_00829,男,其他,高,33,41,0.123783279790234,-0.0795981729590023,2
USER_00830,女,其他,低,23,2,-0.0135160642103625,-1.2728113177862288,2
USER_00831,男,北京,高,60,2,2.4325209191126596,0.844786435530601,0
USER_00832,女,其他,中,39,4,1.0225464532072666,-0.3250971135586585,0
USER_00833,男,北京,高,16,22,-0.746471821484463,-1.3616044931533653,2
USER_00834,未透露,其他,低,33,7,0.5782326283907544,-0.6237242742816848,2
USER_00835,男,其他,高,18,33,-0.759994905381925,-1.0685245099802363,2
USER_00836,男,北京,中,53,9,1.8772375645702897,0.5434503437616391,0
USER_00837,男,其他,中,21,24,-0.446184568679219,-1.060860669295287,2
USER_00838,男,北京,高,45,79,0.3988774713990899,1.207303447854892,0
USER_00839,女,其他,中,21,76,-1.154333138457279,-0.2260420227196965,2
USER_00840,未透露,上海,低,16,88,-1.6585502553844964,-0.3280192942607366,2
USER_00841,男,深圳,中,24,65,-0.8024888866462995,-0.2385165816994691,2
USER_00842,男,其他,低,44,81,0.2938143447383777,1.1682003694372256,0
USER_00843,女,北京,中,28,39,-0.178678119057685,-0.4036680734334092,2
USER_00844,男,其他,低,19,7,-0.3484525108467437,-1.4338137040842696,2
USER_00845,女,深圳,高,54,33,1.6190737555817225,1.0037844459209797,0
USER_00846,男,深圳,中,17,42,-0.95277582439538,-1.0028406770747478,2
USER_00847,男,湛江,中,16,67,-1.3660798996639576,-0.6621215763492353,2
USER_00848,男,深圳,中,36,41,0.3173544849185586,0.0721033655841004,0
USER_00849,男,其他,中,39,47,0.4358804552807275,0.3423102499124358,0
USER_00850,女,北京,中,41,27,0.840431754228066,0.1494340147611006,0
USER_00851,女,其他,中,31,16,0.3238018371373975,-0.5999982490696724,2
USER_00852,女,北京,中,29,141,-1.507502030969326,1.2551064427770489,1
USER_00853,男,湛江,高,57,26,1.900473895558049,1.05228468014309,0
USER_00854,女,其他,高,60,1,2.443534809308539,0.8397116995084588,0
USER_00855,女,其他,低,47,28,1.2156690526526053,0.5128068050807124,0
USER_00856,女,其他,中,36,9,0.7534240564881449,-0.4198477561765604,0
USER_00857,男,上海,中,38,44,0.4068185936585671,0.2341397556277824,0
USER_00858,男,其他,高,21,4,-0.1680935124855649,-1.355755067752492,2
USER_00859,男,其他,中,23,83,-1.1165813212012858,-0.0116888891990779,2
USER_00860,男,其他,中,16,80,-1.5428954649832374,-0.4638961886655969,2
USER_00861,女,北京,高,30,41,-0.0695418488708804,-0.2414338121626933,2
USER_00862,女,其他,低,43,289,-2.604679163558924,4.382359495273218,1
USER_00863,女,广州,低,28,12,0.1801991408167936,-0.8263833535792475,2
USER_00864,男,其他,中,37,56,0.1808358110212775,0.369414382427406,0
USER_00865,男,其他,中,22,11,-0.2038053130074867,-1.205700488476687,2
USER_00866,未透露,其他,低,16,18,-0.7035753852044887,-1.4314003848233146,2
USER_00867,女,其他,中,30,7,0.3849271621305717,-0.7978769708199352,2
USER_00868,女,其他,中,37,11,0.7933571164526194,-0.3290736190920637,0
USER_00869,女,广州,中,47,13,1.4224995562580964,0.2748398633981488,0
USER_00870,男,上海,高,41,76,0.1680230431334606,0.9254411804153466,0
USER_00871,女,深圳,中,16,3,-0.4902985148338662,-1.6665396069330047,2
USER_00872,女,北京,中,18,19,-0.5712508956571782,-1.2952137526935812,2
USER_00873,女,其他,中,25,58,-0.6403142250942843,-0.2779653480445374,2
USER_00874,女,其他,中,37,34,0.4819068637979325,0.0330749572449831,0
USER_00875,女,其他,高,53,98,0.6629083232892702,1.9690773598277345,0
USER_00876,男,其他,中,24,54,-0.6506550352944541,-0.4101708042981314,2
USER_00877,女,其他,低,41,7,1.1085187087804833,-0.159661972901435,0
USER_00878,女,其他,中,26,14,0.0204182526888294,-0.918359280698596,2
USER_00879,女,上海,高,43,94,0.0570878347333108,1.3347319057351583,0
USER_00880,男,上海,低,53,39,1.4597175449165507,1.0175328407319115,0
USER_00881,男,其他,中,21,88,-1.319430710513725,-0.0490448520892005,2
USER_00882,女,其他,高,59,91,1.1504465205686454,2.2014885081167206,0
USER_00883,女,其他,中,36,5,0.8086547648732179,-0.4836988349844263,0
USER_00884,男,其他,高,48,162,-0.5438150819401275,2.672011306591507,1
USER_00885,女,其他,中,43,24,1.0119431489031685,0.2174796813169673,0
USER_00886,男,北京,中,23,186,-2.521397615415379,1.6020734316237162,1
USER_00887,男,深圳,中,16,105,-1.8832544156532631,-0.0719377351101076,1
USER_00888,女,其他,高,43,202,-1.4133031668749965,3.0295854655575036,1
USER_00889,男,北京,中,16,27,-0.8179965176887668,-1.2983474423359658,2
USER_00890,女,上海,低,52,52,1.2156764601744452,1.1721630911368024,0
USER_00891,男,湛江,中,33,19,0.4115882342289014,-0.4459216116518734,2
USER_00892,女,其他,中,51,126,0.1420989119888339,2.2746895994903573,1
USER_00893,男,北京,中,16,0,-0.4494537874066989,-1.723256630257678,2
USER_00894,女,其他,中,27,9,0.1589978998163393,-0.9352493466963786,2
USER_00895,男,北京,中,30,6,0.4003719667095264,-0.8244080211978142,2
USER_00896,女,广州,中,40,48,0.4883392161456876,0.4240872801353752,0
USER_00897,女,北京,高,45,81,0.3712320357608752,1.2478741974966678,0
USER_00898,男,深圳,中,26,35,-0.2632413327331268,-0.5988245215316133,2
USER_00899,女,其他,高,29,224,-2.6360782715748257,2.567646722595235,1
USER_00900,女,其他,中,50,14,1.6087071481839608,0.4578774205729541,0
USER_00901,女,其他,低,35,21,0.5199215457575236,-0.2866136244499773,0
USER_00902,男,深圳,中,25,85,-1.0102768522399932,0.133449330315393,2
USER_00903,男,其他,高,19,13,-0.4244506186328793,-1.3271020910930371,2
USER_00904,男,上海,中,22,17,-0.2898543038570114,-1.1158565861355854,2
USER_00905,男,深圳,低,31,20,0.269110869769626,-0.5451689858420261,2
USER_00906,男,其他,高,55,17,1.8955957966014256,0.794848856043415,0
USER_00907,男,广州,高,27,50,-0.3929580440249905,-0.2800371834262884,2
USER_00908,男,北京,低,35,10,0.6756272628968389,-0.4676199140494207,0
USER_00909,女,其他,高,29,96,-0.8927694576564574,0.5635082748870642,1
USER_00910,男,其他,中,34,136,-1.1127082014204062,1.4512274600751671,1
USER_00911,女,其他,低,24,17,-0.1545058905755887,-0.9816303858186718,2
USER_00912,男,深圳,中,21,8,-0.2265878241875412,-1.311148220824231,2
USER_00913,女,上海,中,49,67,0.8170356601291063,1.2367907216426877,0
USER_00914,女,上海,中,32,4,0.5551975724694805,-0.7322131202446164,2
USER_00915,男,深圳,高,40,2,1.1198639351689177,-0.2971561919325543,0
USER_00916,男,深圳,低,36,7,0.7777363858838496,-0.4601168491631147,0
USER_00917,女,北京,低,47,20,1.3285678747474408,0.3852556424049141,0
USER_00918,女,上海,高,25,139,-1.7462446381254806,1.0095861541846558,1
USER_00919,女,其他,中,17,50,-1.0595693323090225,-0.8638515087190073,2
USER_00920,男,北京,中,18,84,-1.4556591122125122,-0.2798777307317734,2
USER_00921,男,北京,高,35,51,0.1250144483787296,0.1945293660370506,0
USER_00922,女,其他,中,19,86,-1.4227363002837594,-0.1829322193526667,2
USER_00923,男,湛江,低,28,57,-0.4341404747588822,-0.1245214401713707,2
USER_00924,男,其他,中,41,2,1.1791126675887058,-0.2550303527672745,0
USER_00925,女,上海,中,25,120,-1.491442479691414,0.6909340974816341,1
USER_00926,男,湛江,高,28,18,0.0988677033793775,-0.7331885012459505,2
USER_00927,女,上海,低,39,39,0.5378724681465848,0.2266198292453612,0
USER_00928,女,其他,中,22,10,-0.1872364191633545,-1.210371269536177,2
USER_00929,男,其他,中,47,20,1.3263568249252602,0.3684933340275673,0
USER_00930,未透露,其他,中,24,106,-1.3689001701945192,0.409856575308516,1
USER_00931,男,上海,中,40,125,-0.5687177701098045,1.6190916685794396,1
USER_00932,男,广州,低,22,29,-0.4504799666710243,-0.9143142512685098,2
USER_00933,女,深圳,低,50,83,0.6654366096734383,1.5496352367481787,0
USER_00934,男,深圳,低,36,22,0.5697603262152556,-0.2274830963879245,0
USER_00935,女,其他,中,41,93,-0.0640116262663466,1.1879889272366726,0
USER_00936,男,北京,中,39,56,0.3163504397788207,0.4851835387180355,0
USER_00937,男,其他,中,18,69,-1.2562529229683077,-0.5164974299963644,2
USER_00938,女,上海,中,37,69,-0.0002678596165292,0.5825770269045611,0
USER_00939,女,上海,低,21,114,-1.678710016927415,0.3730580082068082,1
USER_00940,女,其他,中,16,29,-0.847154556976046,-1.2559680235815631,2
USER_00941,男,上海,高,41,91,-0.0368945087459749,1.160363159705853,0
USER_00942,女,上海,中,17,45,-0.994973176568823,-0.9458448999696742,2
USER_00943,女,其他,低,16,52,-1.1600295794189777,-0.8856995471204453,2
USER_00944,男,其他,高,42,19,1.0142310412006408,0.0850335578464763,0
USER_00945,女,其他,中,45,20,1.195983412113248,0.2650666306275135,0
USER_00946,女,北京,中,30,94,-0.799740345113904,0.5732108554421209,1
USER_00947,男,深圳,高,35,50,0.1375734023053466,0.1751694022251806,0
USER_00948,男,上海,高,60,19,2.1893947434841827,1.1066154093201097,0
USER_00949,女,其他,中,39,63,0.2166065660643382,0.6038824365208764,0
USER_00950,女,其他,中,30,2,0.4534626491131739,-0.8771397498611919,2
USER_00951,女,北京,中,61,45,1.909007046885832,1.5739989726780357,0
USER_00952,男,深圳,中,47,175,-0.7869173468636843,2.8030181710740236,1
USER_00953,女,其他,中,16,54,-1.183129529411407,-0.8586062952913761,2
USER_00954,女,其他,中,36,37,0.372652943100111,0.0213293355145893,0
USER_00955,男,其他,高,33,4,0.6282053871503682,-0.6639623278016143,2
USER_00956,男,其他,中,38,16,0.7851662509797812,-0.2108503298270307,0
USER_00957,女,广州,低,32,19,0.3471421847249298,-0.4885441956574302,2
USER_00958,女,北京,中,41,20,0.9355212158811022,0.0366364491783189,0
USER_00959,女,北京,中,30,4,0.4306600035642138,-0.8435107359688672,2
USER_00960,未透露,其他,中,52,13,1.7494932740448677,0.5519365000944966,0
USER_00961,女,深圳,高,23,35,-0.4542067156586274,-0.7412512364436301,2
USER_00962,女,北京,中,24,6,0.0053200661742402,-1.1561672934038214,2
USER_00963,男,北京,低,46,15,1.3279794658237496,0.2388543819630461,0
USER_00964,男,北京,中,29,43,-0.1672351940175459,-0.2930640237971486,2
USER_00965,女,广州,中,28,5,0.279913689349916,-0.9411066640852058,2
USER_00966,女,其他,低,22,100,-1.4181874418969291,0.2134483312873761,1
USER_00967,女,其他,中,23,32,-0.420430263329173,-0.8059227144584947,2
USER_00968,女,广州,中,57,129,0.4963939632571492,2.6687557677396043,1
USER_00969,男,湛江,低,43,14,1.1400300170559057,0.0552055960788305,0
USER_00970,男,其他,中,58,36,1.8312232222963185,1.2495285696405518,0
USER_00971,男,北京,低,48,4,1.6129321935588623,0.1812278658083089,0
USER_00972,女,其他,中,16,6,-0.5331950067591387,-1.6180121017200562,2
USER_00973,女,其他,中,35,114,-0.7441261020849598,1.1755129034869731,1
USER_00974,女,北京,中,42,11,1.125173176662521,-0.0437860044454367,0
USER_00975,女,其他,中,21,70,-1.070261564385898,-0.3207339336666875,2
USER_00976,男,上海,中,25,2,0.1177476974931858,-1.17770951663916,2
USER_00977,男,湛江,高,28,73,-0.6483295079506666,0.1376990591614819,2
USER_00978,男,其他,高,27,1,0.2714812280835714,-1.0570609916499916,2
USER_00979,男,其他,低,32,122,-1.0584883921564436,1.1199679767569388,1
USER_00980,男,其他,高,21,136,-1.970959821975573,0.7208863397253827,1
USER_00981,女,其他,中,38,16,0.7866584248919823,-0.1990541332223293,0
USER_00982,男,其他,中,29,132,-1.389508252356136,1.1004607321460456,1
USER_00983,男,其他,中,30,16,0.2559671755898135,-0.6717142569540134,2
USER_00984,男,其他,中,24,63,-0.777242229917497,-0.2696796894464097,2
USER_00985,未透露,深圳,低,44,9,1.2792839294895266,0.0390936879281552,0
USER_00986,女,上海,中,29,70,-0.543175228146273,0.1369432427617787,2
USER_00987,男,其他,中,21,3,-0.1592990952925139,-1.389306157655883,2
USER_00988,男,湛江,高,40,21,0.8521103809960362,0.0016321465610404,0
USER_00989,男,北京,中,52,27,1.5631163118487512,0.7662219868400713,0
USER_00990,女,深圳,中,44,0,1.4066854902940156,-0.1018232039509917,0
USER_00991,女,其他,高,33,27,0.3135603353386111,-0.29178852661681,2
USER_00992,女,其他,中,31,43,-0.0388184285870426,-0.1694896170511078,2
USER_00993,女,其他,中,16,170,-2.77041054368994,0.95914101953563,1
USER_00994,女,北京,低,25,32,-0.2857568314081345,-0.6847408540794554,2
USER_00995,男,其他,中,29,87,-0.7741545985590782,0.3963274267049127,1
USER_00996,女,北京,低,35,35,0.3362595811740861,-0.0627576656984709,0
USER_00997,男,湛江,低,20,6,-0.2708624145836892,-1.3916329836048698,2
USER_00998,男,其他,中,24,12,-0.0819923867543199,-1.07490056738491,2
USER_00999,男,广州,低,16,110,-1.9557039522974649,0.0152770762855898,1
USER_01000,男,其他,低,31,2,0.5156046585160173,-0.8241007704794301,2
