用户ID,性别,所在城市,消费水平,年龄,最近活跃天数,PC1,PC2
USER_00001,男,其他,中,18,8,-0.42513851710308864,-1.4809172181014356
USER_00002,男,其他,中,35,61,-0.02196650277287846,0.3312537533186148
USER_00003,男,其他,低,25,10,0.008146119099183481,-1.0445356793072613
USER_00004,男,其他,中,25,17,-0.08802505267967933,-0.9416415395107807
USER_00005,女,北京,中,23,76,-1.0172887125269088,-0.1092310363008771
USER_00006,男,其他,中,16,2,-0.4797276536346256,-1.693917349151598
USER_00007,女,上海,高,33,5,0.6129793497821351,-0.6398846843129412
USER_00008,女,深圳,高,49,34,1.2764065737945514,0.7344220100972227
USER_00009,男,其他,中,16,36,-0.9429790527803509,-1.1580313562365872
USER_00010,女,上海,低,45,74,0.4550629295320708,1.1206395869014534
USER_00011,女,其他,中,19,15,-0.45424379211059396,-1.302380228813304
USER_00012,女,深圳,中,16,39,-0.9790978231680546,-1.0962489626430694
USER_00013,男,其他,高,38,65,0.1261545550225017,0.583704172146289
USER_00014,女,北京,中,42,6,1.1945924557609562,-0.12256631863377515
USER_00015,女,其他,中,29,19,0.15241374051294793,-0.665523279294513
USER_00016,女,其他,低,27,31,-0.1441888041708641,-0.5857626752099414
USER_00017,男,其他,中,49,34,1.2702798406931421,0.7074408770018512
USER_00018,女,深圳,高,49,5,1.6723849421491803,0.27789566933908116
USER_00019,男,其他,中,42,14,1.0805237301852078,-0.009779943737680572
USER_00020,男,其他,中,32,4,0.5569313362277059,-0.7409697127423623
USER_00021,男,上海,低,38,102,-0.39108315167275315,1.1481068205601177
USER_00022,女,上海,低,45,38,0.947674920524921,0.5545553692923199
USER_00023,女,其他,中,28,27,-0.02194549233237978,-0.5970102985184715
USER_00024,女,其他,高,27,35,-0.18943193355853583,-0.5089583776968877
USER_00025,男,上海,高,37,19,0.6823471966849178,-0.20268551056627948
USER_00026,女,其他,中,30,178,-1.9500247709050815,1.8879783366780292
USER_00027,未透露,上海,中,19,1,-0.26730505908812907,-1.5303695127435872
USER_00028,女,其他,高,20,16,-0.3992868631581259,-1.2148555961158205
USER_00029,女,上海,高,36,13,0.6978144044310848,-0.344217203157252
USER_00030,女,其他,中,31,65,-0.33999452315308365,0.1758418570146052
USER_00031,男,其他,中,21,90,-1.344787230938645,-0.01913991880452771
USER_00032,男,上海,高,32,44,0.014102046899033513,-0.0932771317586034
USER_00033,女,北京,中,39,9,0.95718552991629,-0.24564237286314478
USER_00034,女,深圳,低,17,7,-0.47805780221900535,-1.539268485203109
USER_00035,男,北京,中,27,53,-0.4344218290493418,-0.24856998891468837
USER_00036,女,其他,中,38,13,0.8305243303840826,-0.2427085260932283
USER_00037,男,其他,低,16,21,-0.7435355313210075,-1.3906745948230872
USER_00038,女,其他,低,46,75,0.5086686428380247,1.1961125887328588
USER_00039,女,北京,高,34,0,0.7550579335566323,-0.6561937985942812
USER_00040,男,其他,高,42,8,1.167458865710669,-0.0855316897837779
USER_00041,女,其他,中,40,13,0.9631614671216912,-0.1284584408816759
USER_00042,男,其他,中,20,94,-1.4674204696188515,-0.014088220125998143
USER_00043,女,其他,高,21,13,-0.29086297048020954,-1.2017550626882711
USER_00044,未透露,深圳,低,22,49,-0.7180737348019055,-0.5921548819198756
USER_00045,女,其他,中,16,64,-1.322681523118215,-0.7052121600963754
USER_00046,男,北京,中,31,9,0.4269391400529336,-0.7160756929258298
USER_00047,女,其他,低,30,170,-1.8444391554691932,1.7673354503144365
USER_00048,未透露,其他,中,40,24,0.811589626695954,0.036191658322749544
USER_00049,女,广州,高,40,59,0.3423784340806017,0.6178417646404655
USER_00050,女,北京,中,33,230,-2.4559276862821533,2.8772634861605115
USER_00051,男,其他,低,42,60,0.4509264954703114,0.719626832985901
USER_00052,男,广州,低,44,83,0.26857429085807055,1.2025437084064072
USER_00053,女,其他,中,49,52,1.0265329523593145,1.0026421264080807
USER_00054,女,其他,低,32,20,0.3345085295325889,-0.4762261021171148
USER_00055,男,北京,中,31,39,0.019187513114576168,-0.24193533626372046
USER_00056,男,其他,高,25,1,0.13883585431351744,-1.1734918037819917
USER_00057,女,深圳,高,50,12,1.6411274102817959,0.4428565838500952
USER_00058,女,北京,高,33,37,0.18366982411650862,-0.13103469501001888
USER_00059,女,其他,中,32,19,0.3500195535569868,-0.49537841397126176
USER_00060,女,广州,中,37,4,0.8907244867230053,-0.4371937257510899
USER_00061,男,其他,低,22,9,-0.1772424968831609,-1.2306096327970872
USER_00062,男,上海,中,51,62,1.012678227499925,1.257315253602246
USER_00063,女,广州,低,36,47,0.23343596107754533,0.18670414593670578
USER_00064,男,上海,中,51,70,0.9042391927284842,1.3830799196060597
USER_00065,男,北京,高,35,5,0.7522137641224302,-0.5330466912333318
USER_00066,女,湛江,高,54,28,1.6805648067270194,0.9255346107116932
USER_00067,男,其他,中,30,49,-0.18626616881379657,-0.14443808009781564
USER_00068,女,其他,中,26,8,0.10258781862446187,-1.0117347566408197
USER_00069,男,其他,高,39,42,0.5079978766155323,0.27942742700681816
USER_00070,男,其他,中,33,39,0.14696549034690162,-0.12864063297973388
USER_00071,女,深圳,低,26,19,-0.05050803165420895,-0.8364297004120448
USER_00072,女,北京,低,34,16,0.5237971337835515,-0.42174249256468394
USER_00073,男,其他,中,36,81,-0.23209851455555996,0.701795540912275
USER_00074,男,上海,中,38,82,-0.11447939753695274,0.8295049240152598
USER_00075,未透露,深圳,中,23,133,-1.8005243034544651,0.7780972320253897
USER_00076,女,深圳,中,45,70,0.5165999440242222,1.0541257400610131
USER_00077,男,其他,中,25,112,-1.3817808286550144,0.5565882537128924
USER_00078,男,北京,低,43,4,1.2855286393610872,-0.10082099625224031
USER_00079,男,其他,低,54,29,1.6627198871283237,0.9174705810358575
USER_00080,男,广州,中,44,69,0.46186103501741055,0.977757246821783
USER_00081,女,其他,高,23,39,-0.5091215657194728,-0.6741462455177324
USER_00082,男,其他,中,31,6,0.46261224032955506,-0.7660066007964378
USER_00083,男,其他,中,26,86,-0.9630615248588675,0.20484814586072406
USER_00084,女,北京,高,49,215,-1.1912677345812417,3.5747403938258135
USER_00085,男,深圳,低,24,4,0.02695756657247179,-1.196025234649536
USER_00086,女,其他,中,48,118,0.053686571261607155,1.9779676901112488
USER_00087,男,湛江,高,34,6,0.6640171856831915,-0.5732781544021655
USER_00088,男,其他,中,31,43,-0.03979399530916977,-0.18065205210861554
USER_00089,未透露,深圳,中,27,165,-1.973332517367059,1.506605256870405
USER_00090,男,其他,高,37,110,-0.553482407110394,1.2348598540332023
USER_00091,女,其他,高,37,37,0.44393495555861456,0.09619607038516492
USER_00092,女,其他,中,32,49,-0.0536373867894432,-0.018026434403984173
USER_00093,女,其他,高,40,48,0.4934151604080423,0.4397812262358858
USER_00094,男,上海,中,43,21,1.0457352961212643,0.15447219464034953
USER_00095,女,北京,低,16,84,-1.5939154869911825,-0.38131474608108573
USER_00096,女,上海,低,36,86,-0.3048590197694771,0.7924302499894604
USER_00097,女,其他,中,40,100,-0.22355034742476945,1.2408299139054846
USER_00098,男,北京,中,30,83,-0.6489776007193495,0.39160658894949946
USER_00099,未透露,上海,中,36,92,-0.3850973943742912,0.8760813939506383
USER_00100,女,湛江,中,30,15,0.2713081715819331,-0.6713383644059412
USER_00101,男,其他,低,50,144,-0.1680954757223855,2.4944810837158595
USER_00102,女,上海,中,35,6,0.7267396435465003,-0.5273638836841027
USER_00103,未透露,其他,中,44,22,1.0998301658200367,0.23596632520184688
USER_00104,男,其他,中,50,73,0.8017276601303186,1.376619071946316
USER_00105,女,其他,中,44,25,1.0636120871438335,0.28923783261203984
USER_00106,男,北京,中,33,48,0.028702232548661867,0.012554973157797118
USER_00107,女,上海,高,16,28,-0.8329352709173108,-1.2584815950649402
USER_00108,女,广州,中,49,76,0.6954540662817866,1.3814887612368794
USER_00109,男,其他,低,31,14,0.350447567706046,-0.6359901271069917
USER_00110,男,其他,中,41,19,0.9429031790590389,0.010328893329342108
USER_00111,女,上海,高,18,21,-0.6013960187962992,-1.252111461117124
USER_00112,女,湛江,中,37,9,0.8189313910553117,-0.35839013883572607
USER_00113,男,北京,高,22,4,-0.09711291618200407,-1.2964025112334496
USER_00114,男,湛江,中,25,22,-0.15728898819053652,-0.8589890815214022
USER_00115,女,其他,高,38,4,0.9600695953132552,-0.3665888788622264
USER_00116,女,其他,高,54,16,1.8453406777429977,0.7342186234764466
USER_00117,女,其他,高,25,33,-0.29575740051029564,-0.6561227379304223
USER_00118,女,深圳,中,17,68,-1.3076822644357269,-0.5818881239948733
USER_00119,男,上海,中,32,37,0.10532977201084466,-0.22180850320313397
USER_00120,男,深圳,中,43,13,1.1594552424493991,0.032756772829772456
USER_00121,男,深圳,高,19,19,-0.5049510545394156,-1.2339442879860596
USER_00122,男,其他,中,24,56,-0.6802898487905398,-0.37932935679493857
USER_00123,女,湛江,高,60,68,1.525576307879421,1.896048455788881
USER_00124,男,北京,中,44,22,1.1049542949787787,0.2311994954333485
USER_00125,女,其他,中,32,13,0.43329391855502813,-0.5878407141574664
USER_00126,男,上海,中,33,8,0.5651280589417915,-0.621460041106475
USER_00127,男,广州,高,16,201,-3.189980606455762,1.4498097017337443
USER_00128,男,深圳,低,40,100,-0.2274633840186186,1.2331228806764587
USER_00129,女,上海,高,45,40,0.928462157063566,0.5977750642065729
USER_00130,女,广州,中,34,10,0.6101617427904349,-0.516260169983198
USER_00131,男,深圳,中,26,47,-0.4262112333920279,-0.40670139232527636
USER_00132,男,其他,高,39,32,0.6426518830861923,0.11953725534631633
USER_00133,女,北京,中,24,57,-0.6867786329359862,-0.3487167335960064
USER_00134,女,其他,中,41,26,0.8489101437401894,0.1316928933210238
USER_00135,男,其他,低,34,9,0.6196783935375052,-0.5390739078092494
USER_00136,男,其他,中,33,92,-0.5787021005570014,0.7023591676043274
USER_00137,男,其他,中,28,84,-0.7994550065833138,0.2901671663057516
USER_00138,女,其他,中,28,104,-1.072106119311134,0.6147799812221874
USER_00139,男,其他,中,23,17,-0.22055280518871923,-1.0559501982659185
USER_00140,女,其他,中,16,114,-2.0063043145970787,0.08189102605372162
USER_00141,男,其他,低,21,140,-2.030605014023917,0.7708110208881508
USER_00142,女,广州,高,35,79,-0.2619886163325174,0.6469471832229047
USER_00143,女,其他,低,26,18,-0.03884696867416547,-0.8519773457758457
USER_00144,男,其他,高,49,42,1.166170547882093,0.851349904126517
USER_00145,女,其他,中,47,8,1.4929413536150165,0.19521080081324643
USER_00146,男,其他,中,26,51,-0.48221447646337545,-0.34268464328954923
USER_00147,女,其他,中,19,119,-1.872084835628615,0.3356461274284105
USER_00148,女,深圳,中,25,147,-1.8547771552845684,1.1171097058145365
USER_00149,男,其他,中,29,102,-0.9800352959580437,0.6294249875728913
USER_00150,女,其他,中,32,127,-1.120565842255332,1.2045392577591605
USER_00151,女,上海,中,16,66,-1.3542447814272838,-0.6740221170997494
USER_00152,女,其他,中,54,6,1.9809774014622241,0.5626787931067988
USER_00153,未透露,其他,高,62,25,2.242902414803349,1.3226210698455882
USER_00154,男,广州,低,38,0,1.0047205132894748,-0.4521959160478928
USER_00155,男,深圳,中,29,21,0.12455737120137277,-0.6487762847535844
USER_00156,女,湛江,中,39,30,0.6641451063858428,0.08262182250315322
USER_00157,男,上海,中,41,22,0.8991290010292406,0.053394387526706416
USER_00158,女,其他,高,45,54,0.7414397371016775,0.8235815897751022
USER_00159,男,其他,高,22,288,-3.973999238830526,3.1591712999203625
USER_00160,女,其他,高,37,69,0.007524032770614794,0.6029785362570758
USER_00161,男,其他,中,62,3,2.5411690077610323,0.9564875883759818
USER_00162,女,湛江,中,18,29,-0.7130642322034679,-1.136231640099213
USER_00163,男,其他,高,35,146,-1.1784498695296746,1.6831921828679537
USER_00164,男,广州,中,28,26,-0.011504687889386692,-0.6234468097044651
USER_00165,男,上海,中,30,12,0.31133074784418113,-0.7339508208955547
USER_00166,男,其他,高,32,5,0.5483850774749975,-0.707994363325769
USER_00167,女,上海,中,27,13,0.09949755191343028,-0.8764971877241537
USER_00168,女,其他,低,29,25,0.06941764353336384,-0.5672349315614165
USER_00169,女,上海,中,16,111,-1.969912662120161,0.03182483072939244
USER_00170,女,广州,中,53,23,1.6799410988763723,0.7711647890224628
USER_00171,女,上海,中,46,28,1.1473406046092023,0.4462768035222562
USER_00172,男,其他,中,16,7,-0.5481270251112251,-1.614679974145326
USER_00173,女,湛江,低,27,1,0.2629963939892752,-1.0559153155083314
USER_00174,男,其他,中,48,14,1.4741230655250606,0.33195776152364864
USER_00175,男,其他,低,16,15,-0.6594814085612987,-1.483594506195524
USER_00176,男,其他,高,33,42,0.11060407697814746,-0.06474160174484192
USER_00177,男,其他,中,26,0,0.20981623092735918,-1.1496034944880416
USER_00178,男,其他,低,38,45,0.3934986214768572,0.2554692401432089
USER_00179,女,其他,高,30,24,0.15703966025920316,-0.5153999001810177
USER_00180,女,北京,高,56,66,1.296255054177961,1.635655310581965
USER_00181,男,其他,中,16,21,-0.7407805312655736,-1.3959648397653683
USER_00182,女,广州,中,22,32,-0.48699085431061373,-0.8614031794696023
USER_00183,女,其他,中,39,2,1.0499482724259757,-0.35702572136255006
USER_00184,女,其他,中,16,73,-1.4461403491471856,-0.560921900751454
USER_00185,男,北京,中,55,28,1.7466507051610256,0.953268848870041
USER_00186,男,其他,中,31,59,-0.25836160318301227,0.0707417352545091
USER_00187,男,其他,中,16,39,-0.9821848182547542,-1.107187663338928
USER_00188,女,其他,低,29,53,-0.30813607671804594,-0.11971815569594658
USER_00189,女,其他,中,16,219,-3.4379793371670213,1.7248626230416317
USER_00190,女,北京,中,31,129,-1.2106389381803573,1.182598181583654
USER_00191,男,其他,低,37,177,-1.4763624266643154,2.270885392668212
USER_00192,女,湛江,低,29,93,-0.86154923783809,0.507892909586413
USER_00193,男,其他,高,29,6,0.33513246975563593,-0.8632373346598053
USER_00194,男,其他,中,38,64,0.13582439486675385,0.5482769792393787
USER_00195,男,广州,中,24,49,-0.5817305267919486,-0.4840028708670537
USER_00196,女,其他,中,44,1,1.3926110820454654,-0.08528741592503741
USER_00197,女,北京,低,40,80,0.05068586549370653,0.9315172107272893
USER_00198,未透露,深圳,中,32,25,0.2694378840148222,-0.4081936529992449
USER_00199,男,其他,低,16,66,-1.3552668518126652,-0.6771529063495815
USER_00200,男,北京,中,16,16,-0.6675333561232087,-1.4716421318604531
USER_00201,男,上海,高,26,56,-0.5503490008398068,-0.2501323662868667
USER_00202,男,其他,中,17,4,-0.43761439409974434,-1.6026838437297803
USER_00203,男,其他,低,59,9,2.2624937607797038,0.8892216189502975
USER_00204,未透露,上海,低,24,52,-0.6305342545663113,-0.4335651875664349
USER_00205,女,其他,中,25,10,0.012468402356682957,-1.0376089722546515
USER_00206,女,深圳,高,24,173,-2.2729551856028105,1.4828243841597184
USER_00207,女,其他,低,27,70,-0.6751499354084344,0.029998496378790145
USER_00208,女,上海,低,17,12,-0.5507671213330405,-1.462084629857968
USER_00209,男,其他,中,21,104,-1.5373057829241161,0.20187773344077622
USER_00210,男,北京,低,33,155,-1.4368413274320129,1.6983352456901657
USER_00211,女,其他,中,21,26,-0.4737914276311252,-1.016127670711051
USER_00212,男,上海,中,33,34,0.2118320183447152,-0.21161803687412767
USER_00213,男,上海,中,16,44,-1.0527442726494425,-1.0302934583041137
USER_00214,女,广州,中,21,41,-0.6746831730023238,-0.7738512508118913
USER_00215,男,其他,中,43,100,-0.02737134859229917,1.4041397395923694
USER_00216,女,其他,中,37,56,0.18182675328480394,0.3803200870791909
USER_00217,女,其他,高,40,68,0.21845749612763388,0.7563883321601609
USER_00218,男,其他,低,21,35,-0.5967615257778687,-0.8791258964356634
USER_00219,男,广州,中,32,15,0.4045936989564281,-0.5678860879711998
USER_00220,女,其他,中,33,5,0.6112739956937554,-0.6544293740625906
USER_00221,女,其他,低,46,134,-0.2970771536310231,2.1231168339710527
USER_00222,男,其他,中,16,3,-0.49358375986707764,-1.6778715721541746
USER_00223,男,其他,高,16,48,-1.1003108033878521,-0.9508200784491222
USER_00224,男,其他,低,43,173,-1.0278437425082847,2.5513879142378917
USER_00225,女,北京,中,30,73,-0.5120906793954803,0.24463597990291144
USER_00226,女,深圳,中,16,292,-4.429865005105819,2.869529894492634
USER_00227,男,湛江,高,39,12,0.9114547976365547,-0.1927273558664233
USER_00228,男,其他,中,43,15,1.132485894801889,0.06463925569783387
USER_00229,未透露,上海,中,30,50,-0.20388521126907405,-0.12770367427049126
USER_00230,男,广州,低,39,26,0.7137477539615715,0.013261659180739611
USER_00231,女,上海,中,32,22,0.30645710711618634,-0.45144690939527343
USER_00232,女,湛江,低,29,10,0.2725272638340977,-0.799542026116918
USER_00233,女,其他,中,37,49,0.2788743531017723,0.27132558119757494
USER_00234,男,北京,低,39,47,0.4367920027230516,0.34844088798956313
USER_00235,女,湛江,高,49,28,1.3517151456055805,0.6408105647802974
USER_00236,男,湛江,高,22,43,-0.6344152924436889,-0.6785693342589512
USER_00237,男,其他,中,28,3,0.3051089337323315,-0.9867130393098781
USER_00238,男,湛江,中,31,17,0.3064991739478215,-0.59359259788447
USER_00239,女,其他,中,31,5,0.47912582174942336,-0.7697995230066154
USER_00240,男,其他,高,25,34,-0.309322657219507,-0.6509003792180331
USER_00241,女,其他,中,21,21,-0.4038343639255322,-1.094556230312206
USER_00242,男,北京,中,32,7,0.5201481947630886,-0.6920844748958038
USER_00243,女,其他,低,26,5,0.14181806265115887,-1.0541845152164107
USER_00244,女,其他,高,26,137,-1.6523864969519846,1.0359233654919136
USER_00245,男,其他,中,36,80,-0.21692833224313246,0.6854761087616054
USER_00246,男,其他,高,40,112,-0.3844575402133843,1.4353033120882588
USER_00247,女,其他,中,36,65,-0.010283015456223232,0.4618094403670603
USER_00248,男,北京,中,58,8,2.216153318121308,0.8101930672219634
USER_00249,女,上海,低,19,77,-1.3048269481648336,-0.3203046372962545
USER_00250,女,湛江,中,25,63,-0.7127446762419262,-0.19767137506376486
USER_00251,男,其他,低,18,57,-1.0928754198974946,-0.7000437782230825
USER_00252,男,北京,中,38,31,0.5887885342513239,0.029550883763487464
USER_00253,女,其他,中,16,23,-0.765856462613447,-1.3521745642240894
USER_00254,未透露,北京,低,21,43,-0.7013549242494431,-0.7431534600336849
USER_00255,男,其他,中,16,44,-1.0499163743128554,-1.0277001384886544
USER_00256,女,上海,中,25,49,-0.518651011987147,-0.4210906171965481
USER_00257,女,北京,中,35,33,0.3657530419421449,-0.09801885119193186
USER_00258,男,其他,中,28,36,-0.14483763198518929,-0.4674402041075999
USER_00259,男,其他,高,36,14,0.6877331158949274,-0.3374293822805497
USER_00260,女,广州,中,30,7,0.38497399730418114,-0.7953534150083483
USER_00261,未透露,湛江,中,16,88,-1.6545249218650602,-0.3277893720361133
USER_00262,男,上海,中,35,61,-0.02553616786113818,0.3288702332933347
USER_00263,男,上海,高,57,32,1.8221249411563445,1.1437904811697084
USER_00264,女,其他,中,46,101,0.15378150963471648,1.5995318555493243
USER_00265,男,北京,中,32,137,-1.2551267331444,1.3538002667972608
USER_00266,男,北京,中,23,135,-1.8230176304653671,0.8049174753117152
USER_00267,男,其他,高,33,101,-0.6983537755678466,0.8623149531233111
USER_00268,男,其他,中,37,54,0.2105888571178472,0.3388988198623508
USER_00269,男,北京,中,20,55,-0.9251874023091315,-0.6208113018243548
USER_00270,未透露,北京,中,39,29,0.680597190614276,0.061972722591486167
USER_00271,女,上海,中,31,48,-0.1096898126370574,-0.09631981535418958
USER_00272,女,其他,高,56,133,0.37853547998015674,2.6878622294657992
USER_00273,女,其他,中,18,52,-1.0204046365636767,-0.7733740023361456
USER_00274,男,其他,低,51,2,1.8328492446620412,0.32025228533001315
USER_00275,未透露,深圳,低,36,67,-0.04116785211066318,0.4933600944839767
USER_00276,女,深圳,中,49,55,0.9869086576104703,1.049529966186872
USER_00277,女,其他,中,47,6,1.5197778892047435,0.16343322987848027
USER_00278,女,北京,中,28,22,0.04851790136942668,-0.6772995663706096
USER_00279,男,其他,中,16,23,-0.7674242044268488,-1.3643219302457221
USER_00280,男,北京,中,28,55,-0.39699575785553,-0.16196627746894776
USER_00281,女,湛江,中,32,32,0.17234445756209263,-0.2878830953284811
USER_00282,男,广州,中,45,25,1.1265089179144294,0.33431216477080056
USER_00283,女,其他,中,40,63,0.2819346859578646,0.660104980424763
USER_00284,未透露,北京,高,38,0,1.0152502433996398,-0.43464341879442847
USER_00285,女,其他,中,29,5,0.3468894768789421,-0.8845699625116745
USER_00286,女,上海,中,38,18,0.7574358813484015,-0.17008769888122538
USER_00287,女,其他,中,50,15,1.5938436020904094,0.47225480155211497
USER_00288,男,北京,高,41,57,0.4379469539303337,0.632411827572724
USER_00289,男,其他,中,33,14,0.4856956093625246,-0.5255406113194101
USER_00290,未透露,湛江,低,20,39,-0.7175765995817682,-0.8621276379881462
USER_00291,男,其他,低,46,107,0.06805855086640711,1.6876397157398955
USER_00292,男,上海,中,36,26,0.5134308366280611,-0.17032234911988778
USER_00293,女,其他,中,40,16,0.9194523960348182,-0.08423596862739251
USER_00294,女,深圳,中,23,5,-0.050246272002546874,-1.231901986828623
USER_00295,女,湛江,中,38,99,-0.34500298369224763,1.1123949488813119
USER_00296,男,北京,高,38,51,0.32200343478650256,0.3656262384900932
USER_00297,女,其他,中,49,34,1.2710484801364899,0.7184569926932521
USER_00298,未透露,北京,中,16,25,-0.7902270737923279,-1.3253045869593727
USER_00299,男,其他,中,35,43,0.22649536434190157,0.049590283011259985
USER_00300,男,北京,高,25,112,-1.3734005519667385,0.576309860722272
USER_00301,男,广州,中,24,36,-0.4083686174873021,-0.6945637799839856
USER_00302,男,其他,中,29,38,-0.10375769790281675,-0.37479899406002093
USER_00303,女,其他,中,17,55,-1.1282474257399082,-0.7836833917460369
USER_00304,未透露,其他,中,17,65,-1.2690925084180704,-0.6330301038137128
USER_00305,男,北京,中,20,38,-0.6947714057721214,-0.8906149445570529
USER_00306,男,湛江,中,39,21,0.782130909958908,-0.0714967476312628
USER_00307,女,其他,低,25,8,0.03674007079598419,-1.0631698237723013
USER_00308,未透露,其他,中,16,92,-1.7094732386947777,-0.2701934399844413
USER_00309,女,其他,高,33,87,-0.5038496486230438,0.6549054863825541
USER_00310,女,其他,高,36,18,0.6319032617999538,-0.2645680933840012
USER_00311,男,深圳,高,40,18,0.8967041257891982,-0.04844486617796403
USER_00312,男,深圳,中,40,36,0.6505677564059319,0.22023072762241397
USER_00313,女,湛江,低,27,133,-1.539523880682415,1.0212806423967862
USER_00314,男,其他,中,37,105,-0.48906848231575123,1.1387779454368951
USER_00315,女,其他,中,25,25,-0.19242548286052322,-0.8026295367320011
USER_00316,男,其他,中,29,185,-2.1118635892322843,1.9295188203946212
USER_00317,女,其他,高,61,72,1.5394123907673054,2.0126308049049233
USER_00318,男,其他,中,28,7,0.2504779052191107,-0.9234897863766273
USER_00319,男,北京,高,38,28,0.6320800345752773,-0.001559633038392443
USER_00320,男,其他,中,32,5,0.5436478514456865,-0.7254821026752776
USER_00321,女,上海,中,20,3,-0.2257952700003828,-1.4380285948219949
USER_00322,女,湛江,高,50,263,-1.785874554861645,4.3837634354152275
USER_00323,男,其他,低,25,6,0.06191815238244329,-1.1070178600255194
USER_00324,男,北京,中,27,3,0.24424078056111087,-1.041063756181817
USER_00325,女,其他,低,16,48,-1.105970410280591,-0.9514427348461703
USER_00326,女,深圳,高,42,108,-0.19766935226602247,1.4965962784000475
USER_00327,男,上海,中,46,66,0.626957736295953,1.0349363868998978
USER_00328,女,北京,中,28,32,-0.08559720031937396,-0.5180286032157495
USER_00329,男,上海,中,33,12,0.5100587568603214,-0.5588765485124135
USER_00330,男,上海,低,18,80,-1.411507464877004,-0.3434660691933364
USER_00331,未透露,湛江,高,16,93,-1.719477112127966,-0.23291138396455643
USER_00332,男,湛江,高,60,19,2.1897979765025486,1.1115627907950627
USER_00333,女,湛江,中,21,76,-1.156898423884292,-0.22411460405764805
USER_00334,女,其他,中,16,18,-0.6985720460451066,-1.4308982095435872
USER_00335,女,深圳,中,30,50,-0.1974507582416488,-0.12038998143814511
USER_00336,女,其他,中,43,47,0.6993988856545351,0.5827141380877007
USER_00337,男,其他,高,33,57,-0.09339990365796853,0.17305180447813465
USER_00338,男,北京,中,52,3,1.8932839331537548,0.39022585242109226
USER_00339,男,北京,低,22,17,-0.2854100913890911,-1.1067860610294888
USER_00340,男,其他,中,47,10,1.4649497825538311,0.2146046973886809
USER_00341,男,北京,中,22,1,-0.06091725943647647,-1.3616368382509068
USER_00342,男,其他,中,42,73,0.2753321525745588,0.9208375472776146
USER_00343,女,深圳,中,35,74,-0.19579851257684688,0.5463477981484359
USER_00344,女,其他,高,20,172,-2.5257671390400565,1.2371062990373567
USER_00345,女,广州,低,49,68,0.8024163469436766,1.260894020025955
USER_00346,女,其他,高,53,20,1.7269785052565954,0.7397535741261194
USER_00347,女,上海,中,16,47,-1.0920521250405144,-0.9718988652793668
USER_00348,女,上海,高,16,10,-0.5863385826017699,-1.5412993694263213
USER_00349,女,其他,中,35,93,-0.4578633664138549,0.8453264483190562
USER_00350,女,上海,中,35,30,0.40052223825958966,-0.1516778782679409
USER_00351,女,其他,中,19,39,-0.7783030089120302,-0.9201421087425761
USER_00352,未透露,其他,高,51,9,1.7429004685759273,0.4500006077598711
USER_00353,男,其他,低,32,91,-0.6354914854649832,0.6341283206790488
USER_00354,女,其他,中,16,35,-0.9265898530882045,-1.1609199955370724
USER_00355,男,其他,中,35,71,-0.15842093615420938,0.48861668399497515
USER_00356,男,湛江,高,52,14,1.7390304726217232,0.5800384550487767
USER_00357,女,其他,高,60,11,2.305017694215232,0.9977545507863028
USER_00358,女,其他,中,26,10,0.07545187664381174,-0.9811336485720971
USER_00359,男,其他,中,16,8,-0.5621377607847106,-1.5986780922127897
USER_00360,男,其他,低,18,22,-0.6205585532000741,-1.2577167927896715
USER_00361,男,其他,低,16,26,-0.8117565959666139,-1.3106921925302246
USER_00362,女,北京,中,49,21,1.4481335661318648,0.5108484909760873
USER_00363,女,北京,中,58,3,2.2868012778150644,0.7431291304169879
USER_00364,女,其他,中,28,46,-0.2803931729955165,-0.2963635553134792
USER_00365,女,其他,中,31,4,0.49233117384573555,-0.7852073033778803
USER_00366,男,广州,中,47,61,0.7667597953591823,1.0198641725401336
USER_00367,女,其他,中,26,28,-0.1707030131994936,-0.6977950597676216
USER_00368,男,上海,中,21,66,-1.02282136467107,-0.3970488817771435
USER_00369,未透露,其他,中,54,77,1.0086087281846046,1.6751299118462377
USER_00370,男,深圳,中,19,24,-0.5768732709306122,-1.174766092391906
USER_00371,女,其他,高,16,1,-0.45976500582448193,-1.6796199260529028
USER_00372,男,其他,中,17,36,-0.8737469281431406,-1.0990260349642946
USER_00373,男,其他,中,44,92,0.14806012771846006,1.3344817756303844
USER_00374,男,其他,中,29,32,-0.023828054001013583,-0.4721917133513552
USER_00375,男,北京,中,16,65,-1.333171648745489,-0.6963073157650493
USER_00376,女,上海,中,30,7,0.3817265977012177,-0.80082394814077
USER_00377,女,其他,低,20,14,-0.3765190802774705,-1.2576847775725917
USER_00378,女,上海,中,21,71,-1.0886915636197199,-0.3081217430374618
USER_00379,男,其他,高,25,3,0.11180738023335025,-1.141450816282055
USER_00380,女,北京,中,31,26,0.19240809649982077,-0.44057090478421124
USER_00381,男,其他,高,34,41,0.19178367367848762,-0.021461256775402393
USER_00382,女,北京,中,33,15,0.4764102490512927,-0.4981672653263501
USER_00383,女,其他,中,18,41,-0.8718904759177213,-0.9469795772424803
USER_00384,男,其他,中,38,21,0.7187431042565153,-0.13165467857949387
USER_00385,男,上海,中,39,41,0.5135412786983652,0.24379463362761453
USER_00386,女,北京,中,26,64,-0.6555309365107745,-0.12880274896462787
USER_00387,男,其他,中,31,33,0.09528447078965255,-0.34008052545614437
USER_00388,男,其他,低,22,55,-0.8010258252560618,-0.5027622199853867
USER_00389,男,深圳,中,23,35,-0.4598987675770891,-0.7699450224227148
USER_00390,女,湛江,高,32,77,-0.43742156686613,0.44067523344210147
USER_00391,男,上海,高,45,36,0.9800861679739553,0.5230625204984211
USER_00392,男,其他,低,22,102,-1.4470728145614598,0.23200104405572955
USER_00393,男,湛江,低,31,119,-1.0850880026319565,1.0208429258432188
USER_00394,女,湛江,高,38,53,0.29024772431011786,0.40908973103538565
USER_00395,女,深圳,中,16,78,-1.5128515871682675,-0.48406088593312185
USER_00396,女,其他,中,34,25,0.40434886576606044,-0.28471594614063644
USER_00397,女,其他,高,54,19,1.8059392869732145,0.7830474333432919
USER_00398,女,其他,中,39,205,-1.7209991065515806,2.8292296366913607
USER_00399,男,上海,高,50,8,1.690982374463559,0.36771483382149595
USER_00400,男,其他,高,41,107,-0.2514798986711193,1.414871660639054
USER_00401,女,其他,低,35,55,0.061381158232614,0.2549656954405513
USER_00402,女,上海,低,31,27,0.1707497226641001,-0.4227006502994245
USER_00403,男,北京,中,53,110,0.4968417436018656,2.1309100563357037
USER_00404,男,其他,高,34,97,-0.5737613874089668,0.8572454278890322
USER_00405,女,其他,中,28,86,-0.8272220979057209,0.33212271725612685
USER_00406,男,深圳,中,16,88,-1.651149361089083,-0.33749456657915633
USER_00407,男,上海,中,25,21,-0.14456575941700564,-0.8806395167824876
USER_00408,男,其他,中,27,48,-0.37258226087409996,-0.33389230312767204
USER_00409,男,其他,中,32,6,0.5283193046624783,-0.710016704068015
USER_00410,女,广州,中,33,3,0.6378599474759358,-0.6837709900181984
USER_00411,男,其他,中,25,51,-0.5456091093113593,-0.3988778651173338
USER_00412,女,其他,中,41,11,1.0546882061550014,-0.10187981759892638
USER_00413,男,广州,中,40,54,0.4066595220518985,0.5105958607280288
USER_00414,男,其他,中,40,41,0.581813356767765,0.302087660058435
USER_00415,男,深圳,中,33,23,0.3622643044013061,-0.3869068110413879
USER_00416,未透露,北京,中,45,2,1.446469520775896,-0.019038998218929456
USER_00417,女,其他,中,26,120,-1.4249439228022185,0.7495278815733795
USER_00418,女,其他,高,51,164,-0.3724711866268584,2.8866233881794794
USER_00419,女,广州,低,39,5,1.005548182531949,-0.3036959800041855
USER_00420,女,其他,高,27,13,0.10757672764888772,-0.8556999640275973
USER_00421,男,湛江,中,16,17,-0.6883960214191838,-1.4552249426297368
USER_00422,女,北京,低,41,95,-0.08901296522127675,1.2249263338666614
USER_00423,女,其他,低,40,1,1.1260040782895662,-0.3127120195732925
USER_00424,女,其他,低,24,36,-0.41025971418726986,-0.6806796047877851
USER_00425,男,其他,中,35,88,-0.3903241844239652,0.7559923564224043
USER_00426,女,其他,中,39,28,0.693039180732494,0.05053571441740042
USER_00427,男,深圳,中,42,29,0.8756073011659493,0.22483608052723353
USER_00428,女,其他,中,34,60,-0.07136375871924425,0.26900965672925875
USER_00429,男,其他,高,41,52,0.5025693814417912,0.5515532657541223
USER_00430,未透露,其他,中,16,35,-0.9289063254761817,-1.1662458443936015
USER_00431,女,北京,中,26,2,0.18974917579606446,-1.1052007529535484
USER_00432,男,广州,低,16,20,-0.7288486744021566,-1.4045699430903336
USER_00433,女,上海,中,21,36,-0.6105811110070707,-0.8609947276286967
USER_00434,男,北京,中,23,1,0.005658778645056525,-1.303925509741319
USER_00435,男,广州,低,37,17,0.7042212913682335,-0.24311920000748102
USER_00436,女,深圳,高,64,47,2.0818909680010695,1.7938208659950263
USER_00437,男,广州,中,31,60,-0.2723372380202177,0.08678921563019494
USER_00438,未透露,北京,中,44,25,1.0652256265599591,0.2841059727678668
USER_00439,男,深圳,低,41,18,0.9541239054983003,-0.003051271931889891
USER_00440,女,其他,低,50,0,1.7966205972639573,0.243452545053871
USER_00441,女,北京,中,33,58,-0.10764597515921873,0.18283915548922539
USER_00442,男,深圳,中,24,23,-0.2313830136823679,-0.9037310814293636
USER_00443,男,深圳,中,38,55,0.26127688067958643,0.40905541363298054
USER_00444,女,深圳,中,29,0,0.41495743360654824,-0.9642265444463588
USER_00445,女,其他,中,36,6,0.7932730632421486,-0.46836707115053255
USER_00446,女,北京,中,39,7,0.985342752387072,-0.27722641671974135
USER_00447,男,深圳,中,64,2,2.6888342480773346,1.0545444485791062
USER_00448,男,其他,中,26,65,-0.6746762753112223,-0.1240089016270918
USER_00449,女,其他,中,54,16,1.8406300258219506,0.7166341074584833
USER_00450,男,其他,中,23,80,-1.0763497571478153,-0.06051461229565937
USER_00451,女,其他,低,16,43,-1.0377241911341555,-1.0269065823981223
USER_00452,男,其他,中,23,58,-0.774994908202735,-0.40467590481951016
USER_00453,男,上海,中,20,1,-0.1998316226211916,-1.4813005867664557
USER_00454,女,其他,中,26,3,0.17118179872919329,-1.090574757603704
USER_00455,男,广州,中,16,12,-0.6160755873410605,-1.5326014338000262
USER_00456,未透露,湛江,中,47,7,1.5015399874041229,0.1747081913874773
USER_00457,女,北京,中,30,1,0.471022022147739,-0.8913413217988372
USER_00458,男,深圳,高,36,1,0.8668505001073978,-0.5425669377229524
USER_00459,女,湛江,中,30,109,-1.010958081902258,0.8098532386953619
USER_00460,女,其他,低,34,17,0.5077580376712288,-0.40606680749215585
USER_00461,未透露,深圳,中,38,8,0.8988550774111163,-0.3283088188222363
USER_00462,女,其他,中,16,89,-1.6647290180983059,-0.30940459719111185
USER_00463,男,广州,中,16,169,-2.758699437669811,0.9344886068991922
USER_00464,女,广州,中,21,7,-0.212250567154064,-1.311747922533903
USER_00465,男,其他,中,35,42,0.24028898432033657,0.03285828619010981
USER_00466,女,上海,中,42,2,1.2433330393050699,-0.18975241762500927
USER_00467,男,其他,中,35,101,-0.5688000813652458,0.9600391753748174
USER_00468,男,其他,高,53,79,0.9212771153246457,1.6620285152873593
USER_00469,男,其他,低,30,198,-2.226939282667481,2.1943550314374782
USER_00470,女,其他,中,17,23,-0.6968336749869638,-1.2935104603030354
USER_00471,男,上海,中,34,33,0.29237040834595523,-0.16985368315122013
USER_00472,女,其他,低,16,26,-0.8100567715357849,-1.2987374366666413
USER_00473,女,其他,中,45,111,-0.04680990500793265,1.6999095709887957
USER_00474,男,其他,中,29,35,-0.06288188858661399,-0.4236679346386841
USER_00475,女,其他,高,55,64,1.2606843583404181,1.5494561393925688
USER_00476,女,北京,中,29,22,0.11541395748587853,-0.6186146727787657
USER_00477,女,广州,中,25,0,0.148872167642622,-1.1913105251288265
USER_00478,女,其他,中,42,7,1.1781729310169584,-0.10702293296971556
USER_00479,女,其他,中,39,47,0.43688380521788056,0.3533094639648255
USER_00480,男,湛江,高,37,26,0.5870043743512262,-0.08811066433200172
USER_00481,男,北京,中,33,147,-1.3247508132894092,1.5680633219783122
USER_00482,男,其他,中,30,17,0.24325250117122574,-0.6558066666890813
USER_00483,男,其他,中,29,3,0.3724233807288233,-0.9278322796243389
USER_00484,男,广州,中,32,16,0.3876562323488586,-0.5535461524113088
USER_00485,女,其他,中,28,32,-0.08961887773211334,-0.5191967226401543
USER_00486,男,其他,低,39,46,0.4445129243248096,0.33032667537654975
USER_00487,男,其他,高,39,29,0.6822764735186551,0.07277067772564538
USER_00488,女,其他,高,44,57,0.6340542913358318,0.8155066060023787
USER_00489,男,其他,低,34,36,0.2514711689259754,-0.11578164360292098
USER_00490,男,其他,中,48,34,1.2032413470622068,0.6487049386517878
USER_00491,男,北京,中,24,16,-0.13620633370011642,-1.0129163899117173
USER_00492,女,北京,低,32,0,0.6131626263810207,-0.7865854041242228
USER_00493,男,其他,中,28,15,0.13968527028591457,-0.79973268817364
USER_00494,女,广州,中,22,111,-1.567186081336604,0.38211766439407424
USER_00495,男,其他,中,31,24,0.21741660121644774,-0.4847719548436539
USER_00496,女,其他,高,55,9,2.010226130714325,0.6852148044894852
USER_00497,女,其他,低,19,5,-0.31934671168094053,-1.453785946908658
USER_00498,女,其他,高,44,22,1.1073912383788587,0.2594869024890657
USER_00499,未透露,其他,中,16,22,-0.754980585306354,-1.3733191835371645
USER_00500,男,北京,中,29,26,0.05938508137614976,-0.5661038269583276
USER_00501,女,其他,中,27,106,-1.1673409302994842,0.5896469051846561
USER_00502,男,其他,中,57,17,2.0216407166764556,0.8908770861688177
USER_00503,男,其他,中,44,25,1.0625198723935734,0.27771869218965184
USER_00504,女,上海,中,16,16,-0.6731913219239875,-1.4642332583779065
USER_00505,男,北京,高,16,90,-1.6713255395254643,-0.28888208363181633
USER_00506,男,深圳,中,33,0,0.6780828778431407,-0.7457322920614567
USER_00507,男,深圳,中,41,45,0.5942746289773639,0.4210927971880188
USER_00508,男,湛江,低,16,36,-0.946757309254591,-1.1491982802521514
USER_00509,女,广州,中,33,186,-1.8617183273409834,2.188973086243279
USER_00510,男,北京,中,50,82,0.6816805724026361,1.5185834083339473
USER_00511,男,上海,高,50,36,1.3096618549054195,0.8077016143435582
USER_00512,男,深圳,高,23,17,-0.21499331701488983,-1.0393606795771901
USER_00513,女,其他,低,40,30,0.7303818564834434,0.14163477377445988
USER_00514,男,广州,高,40,12,0.9802513738520241,-0.13666165682209314
USER_00515,男,湛江,中,23,158,-2.144670313350514,1.1639642723197783
USER_00516,女,其他,低,31,39,0.013308510681814207,-0.22701309536675265
USER_00517,未透露,北京,中,24,7,-0.009034791861588983,-1.1453279033553296
USER_00518,女,其他,中,24,7,-0.011702881623229367,-1.141229354668126
USER_00519,女,其他,中,17,21,-0.6700428050705566,-1.3250170374601067
USER_00520,女,广州,中,42,110,-0.22935409503436627,1.5138778689938284
USER_00521,女,北京,高,18,158,-2.462134099795891,0.9059927877331175
USER_00522,女,上海,中,30,56,-0.28589936731883836,-0.026738841618146526
USER_00523,男,广州,低,58,28,1.93511142874227,1.1290985977846053
USER_00524,男,上海,中,16,11,-0.6071861548718248,-1.5537961666577167
USER_00525,男,其他,低,37,13,0.7614285049166863,-0.30481269767041724
USER_00526,未透露,上海,低,36,263,-2.720122292976919,3.56000399287437
USER_00527,女,其他,中,26,45,-0.39902812853643527,-0.4278117358168982
USER_00528,男,其他,低,16,10,-0.5918361733484442,-1.5626312209503588
USER_00529,女,其他,低,32,189,-1.9700646712403107,2.1809215058951175
USER_00530,女,上海,中,38,63,0.14626286006524605,0.5427845345527473
USER_00531,男,其他,中,34,73,-0.2511991889721836,0.4636310603371809
USER_00532,女,北京,高,17,22,-0.675172284301477,-1.2906822326515432
USER_00533,女,上海,中,23,94,-1.2700536898926047,0.1679138483245207
USER_00534,女,北京,中,18,1,-0.32324435138232965,-1.5781573450526607
USER_00535,女,其他,高,29,125,-1.286505102662494,1.0212783875013023
USER_00536,未透露,北京,中,16,23,-0.7635246073540676,-1.3561859190224435
USER_00537,男,其他,低,33,22,0.3716030035653233,-0.39651917763148187
USER_00538,女,上海,中,39,22,0.7702754465804877,-0.04876841279764774
USER_00539,女,上海,高,16,1,-0.46347092147960633,-1.6829446805632335
USER_00540,男,上海,低,32,16,0.3821425662616199,-0.5536971849567123
USER_00541,未透露,其他,中,38,71,0.03695689203765889,0.6652328847200686
USER_00542,男,深圳,低,63,146,0.6503344985052231,3.2646025554711997
USER_00543,女,深圳,中,27,11,0.1310582586960196,-0.9059608418945483
USER_00544,女,上海,中,16,96,-1.7647136741643334,-0.20589160763200065
USER_00545,男,北京,高,38,26,0.6581033143805954,-0.033928977134606596
USER_00546,女,其他,中,40,59,0.33849406636006607,0.598097217745668
USER_00547,女,其他,高,45,16,1.25266807801883,0.2199321504274693
USER_00548,男,北京,高,56,72,1.2161330077385641,1.7190474957554371
USER_00549,男,深圳,中,23,18,-0.2325172468270682,-1.0407042558167554
USER_00550,男,北京,中,19,170,-2.567270131236074,1.1242852505805467
USER_00551,男,其他,中,28,18,0.09722845269896,-0.7529502719797211
USER_00552,男,其他,低,45,10,1.3302770972615194,0.10417642752913187
USER_00553,男,其他,低,49,54,0.9961985164287007,1.028686849703225
USER_00554,男,其他,中,16,9,-0.5753529209417519,-1.5821848571295305
USER_00555,女,其他,低,16,62,-1.2983622553670762,-0.7294123274764761
USER_00556,女,北京,中,41,35,0.7344463396874757,0.27703219033630566
USER_00557,男,其他,低,44,30,0.9932872761268273,0.3619603761656212
USER_00558,女,其他,中,43,98,0.0011811914941496605,1.3822529902518275
USER_00559,男,其他,高,16,192,-3.066778339621863,1.30762839079547
USER_00560,女,其他,中,17,41,-0.939622139207634,-1.005725307431176
USER_00561,女,湛江,中,37,66,0.03949628438060252,0.5384836660368396
USER_00562,男,北京,低,25,0,0.1491287937498892,-1.1992947850175966
USER_00563,女,其他,中,41,84,0.06138606595493411,1.047509039133108
USER_00564,女,其他,高,25,35,-0.3214211602583955,-0.6244666130864887
USER_00565,女,其他,高,34,25,0.40909692942397496,-0.2671732161678439
USER_00566,男,其他,高,60,18,2.206482113978898,1.0929761311486654
USER_00567,男,其他,中,24,49,-0.5824748134876898,-0.4876025057478347
USER_00568,女,其他,低,41,0,1.2032242996376887,-0.2698665235184411
USER_00569,女,北京,中,19,21,-0.5331211597070958,-1.2074327263944107
USER_00570,女,广州,中,18,25,-0.6556357077703256,-1.2015425817998968
USER_00571,男,其他,中,53,20,1.7211048988497877,0.7106774052450948
USER_00572,男,深圳,低,24,51,-0.6123012742740306,-0.45136655612455406
USER_00573,女,其他,高,50,5,1.7369963811832594,0.3343528769814959
USER_00574,男,广州,中,26,196,-2.4636651613555327,1.9310676788263705
USER_00575,男,其他,高,50,60,0.985001450180674,1.187146272872082
USER_00576,男,广州,中,24,15,-0.12360848894643367,-1.0266900528691059
USER_00577,男,湛江,中,43,172,-1.014876337449793,2.5313038150135543
USER_00578,女,北京,高,25,151,-1.9035701136759768,1.1981028555821198
USER_00579,男,北京,中,49,15,1.5306908611127592,0.40690009983608455
USER_00580,男,其他,中,46,56,0.7693842068788332,0.8816350714655773
USER_00581,女,其他,中,39,100,-0.2889930579248473,1.1859816080125665
USER_00582,女,北京,高,22,144,-2.0056538838340816,0.9155670930152401
USER_00583,女,其他,中,51,56,1.0998797986224529,1.1772991113983573
USER_00584,男,北京,中,40,14,0.9529528192691936,-0.12402879010543015
USER_00585,男,其他,中,27,55,-0.46677780223514337,-0.2199862301406047
USER_00586,未透露,北京,高,37,28,0.5673996375712346,-0.05097320155196516
USER_00587,男,其他,低,16,28,-0.8383569348900031,-1.2793980977516866
USER_00588,女,北京,中,26,47,-0.42189446203656455,-0.39294174708346896
USER_00589,女,上海,中,36,0,0.8721451796563229,-0.5655044590261923
USER_00590,男,上海,中,38,14,0.8134932318289856,-0.24230263220399892
USER_00591,男,湛江,中,51,4,1.8050074679642818,0.3488324032459917
USER_00592,未透露,其他,低,43,86,0.15917769180158733,1.1944393277000345
USER_00593,女,其他,中,49,66,0.8319095816972004,1.222004280617133
USER_00594,女,北京,中,40,126,-0.575834636755976,1.6500284415933097
USER_00595,女,其他,中,41,54,0.4727824263989809,0.576829620137121
USER_00596,女,湛江,中,28,14,0.15251132195694564,-0.800432955796704
USER_00597,女,深圳,中,38,3,0.9701016615893349,-0.4014634654814375
USER_00598,女,广州,中,34,1,0.7333354486443237,-0.6574852536630372
USER_00599,男,其他,高,41,5,1.1430775928479295,-0.19011392589196552
USER_00600,女,深圳,中,31,15,0.34161361460136397,-0.6157974272035828
USER_00601,男,上海,高,38,106,-0.4403582601619434,1.2242156284020251
USER_00602,女,其他,高,19,17,-0.4784571682397523,-1.2540191816998627
USER_00603,男,上海,中,16,21,-0.7436551145831793,-1.3983925710501932
USER_00604,女,其他,中,38,122,-0.6567090168359797,1.4710344206861694
USER_00605,未透露,广州,中,40,104,-0.2806591016076789,1.3005317398584333
USER_00606,男,深圳,中,32,34,0.14931352174531204,-0.26850879165385627
USER_00607,男,其他,中,34,68,-0.1828907381829265,0.38505504823745385
USER_00608,男,其他,高,33,55,-0.0657925472170928,0.14174119857913903
USER_00609,男,其他,中,33,8,0.5679679108440763,-0.6188675787062274
USER_00610,男,北京,高,52,110,0.4347035548023382,2.0900455793453787
USER_00611,男,深圳,高,33,46,0.055432362303889454,-0.0024996170506219008
USER_00612,男,北京,中,16,13,-0.6266017471619948,-1.5176176198437805
USER_00613,男,其他,中,16,28,-0.8356070302756499,-1.2847333828556984
USER_00614,女,其他,中,48,9,1.5440479283663333,0.2664075080264265
USER_00615,女,深圳,低,38,6,0.9251384891332045,-0.34997244598621996
USER_00616,女,北京,中,58,7,2.232172562111265,0.8061900267658992
USER_00617,女,上海,中,30,35,0.001272750801306196,-0.3592648656323152
USER_00618,男,北京,中,34,3,0.7091927750577254,-0.6380225682557011
USER_00619,男,其他,中,18,0,-0.3165872362847608,-1.6072943178159143
USER_00620,女,其他,低,42,86,0.09530615524393615,1.140493808343099
USER_00621,女,湛江,中,29,10,0.275052472978345,-0.804181660568255
USER_00622,女,其他,中,49,3,1.693798143661639,0.2309961995288927
USER_00623,男,其他,低,28,39,-0.18695291686928076,-0.41117172772040295
USER_00624,未透露,北京,中,43,3,1.301116767444892,-0.11534039535687586
USER_00625,男,其他,中,19,21,-0.5387785310496402,-1.2207395092352291
USER_00626,男,北京,中,23,31,-0.4035068799984738,-0.8311175065282335
USER_00627,女,其他,中,29,0,0.41363730981908325,-0.9628213570057437
USER_00628,女,其他,中,57,3,2.2182942215620414,0.6858463479945531
USER_00629,女,其他,中,41,36,0.7160167364367693,0.2912009617033086
USER_00630,男,其他,中,39,67,0.16180950765858942,0.6572338117256185
USER_00631,男,上海,中,36,71,-0.09844725350539071,0.5411790607935906
USER_00632,女,其他,低,34,43,0.15825156022075143,0.008843269043439371
USER_00633,女,上海,中,20,11,-0.33699900133610006,-1.3117917337983083
USER_00634,男,上海,中,43,27,0.965066223625581,0.25085167205358044
USER_00635,女,其他,高,34,24,0.42339400916629244,-0.282115587413223
USER_00636,女,其他,中,26,15,0.0063134818901792135,-0.9032976053159524
USER_00637,女,上海,中,16,15,-0.6579711340830471,-1.4793193543738514
USER_00638,男,其他,中,45,45,0.8564156444744033,0.6492545225587056
USER_00639,男,其他,低,40,10,1.0011008047445384,-0.18327363807101035
USER_00640,男,其他,中,41,28,0.8219848276290642,0.15261112192519977
USER_00641,男,上海,高,28,40,-0.19579587550851707,-0.38874373473417684
USER_00642,男,其他,中,37,114,-0.61283016030224,1.280103467948789
USER_00643,女,广州,低,26,42,-0.36107086414664336,-0.4677049253404847
USER_00644,男,北京,低,39,19,0.8133597070799323,-0.097563377322715
USER_00645,女,其他,低,30,6,0.3943673119400327,-0.8095102149288852
USER_00646,男,深圳,中,25,41,-0.40876208914169554,-0.5581831870966234
USER_00647,男,其他,中,48,1,1.6524126573038327,0.12793074249225075
USER_00648,女,其他,中,39,48,0.42358813163804937,0.3668067062825093
USER_00649,女,其他,中,53,24,1.669300795895674,0.7864663972716927
USER_00650,男,其他,低,26,132,-1.5938180431256057,0.9320421856331684
USER_00651,男,其他,中,45,62,0.6233134771911577,0.9189949199687695
USER_00652,女,北京,中,38,56,0.24993857708641246,0.4370724934750456
USER_00653,女,深圳,低,32,58,-0.1793157408537019,0.1270805136905159
USER_00654,女,其他,中,16,8,-0.5604052000343707,-1.5864551186953233
USER_00655,女,其他,高,27,55,-0.4608956966040625,-0.19094564322399651
USER_00656,女,上海,高,53,75,0.9758522685980519,1.60566836189658
USER_00657,女,其他,低,20,25,-0.5265677713338499,-1.0857018713181807
USER_00658,男,其他,中,65,127,1.0457088285509417,3.0779641293986755
USER_00659,女,其他,中,22,46,-0.6773405218311701,-0.6405954357378633
USER_00660,女,其他,中,30,11,0.3282809969018293,-0.7352091744503358
USER_00661,女,其他,高,21,81,-1.2181010625630646,-0.12977663068473788
USER_00662,未透露,北京,低,43,48,0.6855561716694527,0.5967505892958117
USER_00663,未透露,湛江,低,29,3,0.36667408410731456,-0.9148969578403306
USER_00664,未透露,其他,低,26,139,-1.6900691784702817,1.0498824910573814
USER_00665,男,深圳,高,24,31,-0.33470580884749374,-0.7590532961691422
USER_00666,男,北京,高,23,7,-0.0717455502319057,-1.191505903443959
USER_00667,未透露,其他,低,16,80,-1.545981452142954,-0.451865960758924
USER_00668,男,广州,中,26,6,0.1286864160313144,-1.0525883515295529
USER_00669,男,深圳,中,27,20,0.006966691314283991,-0.7793135617711902
USER_00670,女,上海,高,35,33,0.3634610303357699,-0.08443702105489553
USER_00671,男,其他,低,34,35,0.26595851441490215,-0.13085560395245496
USER_00672,男,其他,中,19,33,-0.6995750904699339,-1.028574237507366
USER_00673,男,湛江,中,17,64,-1.257770076155731,-0.654573198466022
USER_00674,女,其他,中,16,99,-1.8013061841513138,-0.15391115393652985
USER_00675,男,其他,低,17,33,-0.8347165114886872,-1.1389707995988172
USER_00676,女,湛江,中,26,91,-1.032801349827894,0.2975917985257951
USER_00677,男,其他,中,25,71,-0.8221166545272742,-0.08696052779492161
USER_00678,男,上海,中,16,9,-0.5783221082163233,-1.584704752697845
USER_00679,女,其他,中,17,40,-0.9246234303988411,-1.0230250981437743
USER_00680,男,其他,高,39,42,0.5079978766155323,0.27942742700681816
USER_00681,男,广州,中,37,16,0.7196480408273511,-0.26417710738405414
USER_00682,女,其他,中,26,7,0.11667408417216195,-1.0274043493752039
USER_00683,男,其他,中,33,93,-0.5930294526232985,0.7181817093056149
USER_00684,女,上海,中,21,12,-0.2840441267773664,-1.2382012840042724
USER_00685,男,其他,中,35,49,0.14593256656811993,0.14506990241138024
USER_00686,女,上海,中,36,21,0.583233297753708,-0.23881259546461647
USER_00687,男,湛江,低,24,119,-1.5475627327761996,0.6190596901605462
USER_00688,男,湛江,中,23,8,-0.09734742854762414,-1.191983559712216
USER_00689,女,深圳,中,46,9,1.412697183910076,0.15150325688730015
USER_00690,男,上海,中,27,35,-0.198173416454839,-0.5409793622745485
USER_00691,女,其他,中,24,1,0.06987230986906064,-1.2365726009962497
USER_00692,女,深圳,中,32,8,0.5039890282191412,-0.6676517025169689
USER_00693,男,深圳,中,34,16,0.5226774169561875,-0.4401231187830266
USER_00694,男,深圳,低,21,24,-0.44741483585970515,-1.0568444605896457
USER_00695,女,北京,中,41,41,0.6503077395282121,0.37010191653582886
USER_00696,女,深圳,高,18,0,-0.3091274631305196,-1.5790855881246677
USER_00697,女,其他,中,23,1,0.0022373790789857835,-1.2939695590886338
USER_00698,未透露,其他,低,17,15,-0.591284609851885,-1.418869960699245
USER_00699,女,其他,中,35,16,0.5896799207983136,-0.37030374752946604
USER_00700,男,其他,高,38,62,0.16658149627171015,0.5354940761974734
USER_00701,女,其他,低,18,4,-0.3713350952522144,-1.5272013950459375
USER_00702,男,上海,中,16,89,-1.6692517077448359,-0.32321270766262084
USER_00703,女,上海,中,18,172,-2.6655710527658645,1.1035348530160822
USER_00704,男,其他,中,35,31,0.3883690290575588,-0.1429052455036349
USER_00705,女,其他,中,42,85,0.11274353811575166,1.1201616733954642
USER_00706,女,北京,高,33,11,0.5349953686369858,-0.5419693547502961
USER_00707,女,深圳,中,28,58,-0.4415647785576929,-0.10740236273574875
USER_00708,男,上海,高,39,20,0.8016187225371153,-0.07452969082605962
USER_00709,男,其他,高,34,16,0.5269917071474539,-0.42102798449602613
USER_00710,女,广州,中,52,28,1.5463905765229402,0.7936781074756576
USER_00711,男,北京,中,28,66,-0.5523097278441323,0.008868244567068521
USER_00712,女,其他,低,40,41,0.5798644500160645,0.3184177938295434
USER_00713,女,其他,中,37,5,0.8778484056304898,-0.4234884032533021
USER_00714,女,湛江,高,51,197,-0.8234476369529293,3.406744541904886
USER_00715,男,北京,中,37,5,0.8807901759267158,-0.43393463245334385
USER_00716,男,其他,中,56,139,0.2914952111486287,2.7546104293694844
USER_00717,女,其他,中,31,21,0.25695718847155086,-0.5209637535334154
USER_00718,男,北京,中,37,30,0.5390922576363025,-0.04272144514005348
USER_00719,男,其他,中,16,86,-1.6254788375592868,-0.3692762613895817
USER_00720,女,湛江,中,44,22,1.0990185066143434,0.24278065092378687
USER_00721,女,广州,中,31,32,0.10953150741053448,-0.34365173635735186
USER_00722,女,上海,中,21,82,-1.238118553508464,-0.13476197073984195
USER_00723,女,深圳,中,36,6,0.7944681309298985,-0.46976491689151995
USER_00724,女,其他,中,29,1,0.4007394104630115,-0.9478368321785702
USER_00725,男,深圳,高,45,41,0.9162088996739742,0.6054524191240588
USER_00726,女,北京,中,32,6,0.5338308559204966,-0.6969724838421338
USER_00727,女,其他,中,29,39,-0.11624851362519781,-0.3467596616024467
USER_00728,男,其他,低,24,47,-0.5589340393210923,-0.5136943788822952
USER_00729,男,上海,高,19,56,-1.010799829586432,-0.6488552845910938
USER_00730,女,北京,中,16,10,-0.5833460128371238,-1.5543712897355852
USER_00731,男,其他,高,17,105,-1.8113150363331894,0.00497808001376686
USER_00732,女,上海,中,28,65,-0.5423096164771725,0.0003093740899811367
USER_00733,未透露,上海,低,48,25,1.31697492740964,0.5101286117062118
USER_00734,女,其他,中,49,27,1.364450725419895,0.6069521810508511
USER_00735,女,其他,高,33,93,-0.5870531394422975,0.7475601299706086
USER_00736,男,深圳,低,47,14,1.4073930748300154,0.2801342380442419
USER_00737,女,湛江,中,40,19,0.8760005909603469,-0.034227777031306104
USER_00738,男,广州,高,16,191,-3.0541957307300716,1.2946648568578232
USER_00739,未透露,深圳,中,47,81,0.49300798362256326,1.3368122226744439
USER_00740,女,深圳,中,17,15,-0.5855756150260758,-1.419640383155409
USER_00741,未透露,北京,中,47,6,1.5219865897279696,0.15879854088622655
USER_00742,女,上海,中,45,12,1.3030742518599954,0.13936389972189733
USER_00743,男,其他,中,28,27,-0.023189781128771535,-0.6086244005486501
USER_00744,女,其他,高,27,24,-0.04150904630941679,-0.6848596176839777
USER_00745,男,北京,中,18,13,-0.4900322776488295,-1.4004128875409594
USER_00746,男,其他,低,36,7,0.7764692743152092,-0.4589590995973539
USER_00747,男,其他,低,24,2,0.0525632844625075,-1.2275043702988988
USER_00748,女,深圳,高,30,43,-0.09891632035598516,-0.21198922659045652
USER_00749,男,其他,中,33,25,0.3352625116474387,-0.35462867772963463
USER_00750,未透露,其他,中,25,61,-0.6869800204722789,-0.2383457010644514
USER_00751,男,其他,中,24,27,-0.287286944878093,-0.8386882133478387
USER_00752,女,其他,中,32,12,0.44770584057839063,-0.6037657539800851
USER_00753,女,其他,高,22,102,-1.437986015350605,0.2554591709394203
USER_00754,男,上海,中,24,2,0.052605807757576194,-1.2349641349578513
USER_00755,女,深圳,中,40,8,1.0337002181156352,-0.2082381576584261
USER_00756,女,其他,中,16,8,-0.5604052000343707,-1.5864551186953233
USER_00757,男,上海,中,52,2,1.9002505241784975,0.370463982507195
USER_00758,男,深圳,中,21,10,-0.2535278448819973,-1.280372764408771
USER_00759,女,上海,中,28,13,0.16469947647686137,-0.8207958313804509
USER_00760,男,上海,中,39,87,-0.11494319625264375,0.9681234211995796
USER_00761,女,其他,中,37,22,0.6423247571386725,-0.1591136005379595
USER_00762,女,广州,高,23,245,-3.3185853002006755,2.557177011647293
USER_00763,男,其他,低,39,43,0.48671632963094075,0.28375957936893703
USER_00764,女,广州,中,45,48,0.8170488416471519,0.7106736934244926
USER_00765,男,深圳,中,45,11,1.3181688443002724,0.11400198409896256
USER_00766,女,其他,低,34,40,0.20010568818324434,-0.0403671745413173
USER_00767,女,北京,低,39,14,0.8854952814247097,-0.16393436245683818
USER_00768,女,北京,高,23,193,-2.6083434760550683,1.7407432821577133
USER_00769,女,其他,中,42,46,0.6454478030084958,0.5068253792785034
USER_00770,女,其他,中,52,16,1.7080120205073028,0.6014102486724485
USER_00771,女,上海,中,39,68,0.14514562547773968,0.679768653320657
USER_00772,男,北京,高,27,46,-0.338150237813405,-0.3439789542389926
USER_00773,女,北京,中,28,132,-1.451187984804586,1.0551760393900154
USER_00774,男,湛江,高,16,4,-0.5044320252271173,-1.641238894253155
USER_00775,男,北京,中,49,9,1.61388707303242,0.3150527249586293
USER_00776,男,其他,低,16,2,-0.4822647779403678,-1.688532412402441
USER_00777,女,其他,中,22,4,-0.10473575982336643,-1.3036112036882865
USER_00778,女,广州,低,32,26,0.25203566345203826,-0.3781670650776347
USER_00779,男,其他,中,54,115,0.49061825031176876,2.2651072642042087
USER_00780,女,其他,中,34,145,-1.23249484440642,1.6043809723861016
USER_00781,男,北京,中,39,50,0.40043254799202455,0.39010456449589936
USER_00782,女,北京,中,18,19,-0.5712508956571782,-1.2952137526935812
USER_00783,女,其他,中,22,25,-0.392214589745217,-0.9753507048385706
USER_00784,女,其他,高,35,0,0.8171600707970814,-0.6005876238997732
USER_00785,女,深圳,中,32,95,-0.682996983422586,0.7008057980979212
USER_00786,未透露,其他,中,28,4,0.2903168507860273,-0.9646682328374181
USER_00787,女,深圳,中,16,4,-0.5037209154149042,-1.6504491125814573
USER_00788,男,北京,高,24,218,-2.8840998512106437,2.176095637091364
USER_00789,男,其他,低,25,18,-0.10404449600179168,-0.9205698490497294
USER_00790,男,其他,中,44,18,1.1555476843937127,0.16771379364657277
USER_00791,男,其他,高,52,60,1.1165124855051782,1.3032182056213062
USER_00792,女,其他,中,40,65,0.2555541917201917,0.6916136928070555
USER_00793,女,上海,高,26,47,-0.42528932562343363,-0.38022949970314535
USER_00794,女,上海,高,16,165,-2.7008948220079816,0.8941145158884073
USER_00795,男,湛江,中,21,2,-0.14791310899668422,-1.4025120876059054
USER_00796,男,其他,中,33,13,0.49840620066759894,-0.5405535654813136
USER_00797,女,其他,高,55,14,1.9414048570710325,0.762050691541957
USER_00798,男,其他,低,31,83,-0.5896129987885985,0.4537425048348685
USER_00799,女,其他,中,25,10,0.012468402356682957,-1.0376089722546515
USER_00800,女,其他,中,57,121,0.6046397326743508,2.5400384120767034
USER_00801,男,广州,高,53,20,1.7251552431751063,0.7300257366508197
USER_00802,女,深圳,中,44,30,0.9984978135316493,0.3671016692314993
USER_00803,男,其他,中,34,174,-1.6308940856318577,2.046570695487283
USER_00804,男,北京,中,20,35,-0.6539293316974957,-0.9395542397904869
USER_00805,男,其他,低,16,25,-0.7967525377599673,-1.3280036841890894
USER_00806,男,其他,中,23,24,-0.3129575112085756,-0.9453921997456339
USER_00807,女,深圳,中,34,154,-1.3546284087236777,1.7436618105913142
USER_00808,男,湛江,中,38,43,0.4197674523710635,0.22239742080252983
USER_00809,男,广州,高,18,66,-1.2121434606451225,-0.545115431139459
USER_00810,男,北京,中,27,45,-0.32596420626019385,-0.37745577787967516
USER_00811,女,其他,中,34,4,0.692346821696276,-0.6117592897318248
USER_00812,女,其他,中,48,17,1.4312151460448008,0.3880213266972064
USER_00813,男,上海,中,22,140,-1.9641865168626975,0.8211262837093428
USER_00814,女,其他,低,34,4,0.6893456612144859,-0.6070642241083398
USER_00815,男,其他,低,23,141,-1.913546993161263,0.9030082836318694
USER_00816,男,其他,低,42,9,1.1465054414279732,-0.08166162917647746
USER_00817,女,北京,中,63,137,0.7814165211331687,3.1328765835439403
USER_00818,女,湛江,低,38,150,-1.0435412954859722,1.916332306139082
USER_00819,男,其他,高,24,7,-0.008090675535687313,-1.135476593762365
USER_00820,男,其他,中,42,2,1.245602486605227,-0.1977341405166301
USER_00821,女,其他,中,28,2,0.3201180288326471,-0.9908597183630408
USER_00822,女,其他,中,16,21,-0.7391059119846638,-1.3837810044798624
USER_00823,女,其他,低,46,45,0.9194914027693797,0.7241561445980652
USER_00824,男,其他,中,38,46,0.3807322328137686,0.26676170908621233
USER_00825,男,其他,中,48,37,1.163132252556845,0.697011071296509
USER_00826,男,其他,高,49,29,1.340419442603689,0.6447554631674207
USER_00827,男,上海,中,25,25,-0.19689267688263473,-0.8171291274110959
USER_00828,女,湛江,中,30,91,-0.7661769929058406,0.5274706652854806
USER_00829,男,其他,高,33,41,0.12378327979023401,-0.07959817295900234
USER_00830,女,其他,低,23,2,-0.013516064210362527,-1.2728113177862288
USER_00831,男,北京,高,60,2,2.4325209191126596,0.844786435530601
USER_00832,女,其他,中,39,4,1.0225464532072666,-0.32509711355865856
USER_00833,男,北京,高,16,22,-0.746471821484463,-1.3616044931533653
USER_00834,未透露,其他,低,33,7,0.5782326283907544,-0.6237242742816848
USER_00835,男,其他,高,18,33,-0.759994905381925,-1.0685245099802363
USER_00836,男,北京,中,53,9,1.8772375645702895,0.5434503437616391
USER_00837,男,其他,中,21,24,-0.446184568679219,-1.060860669295287
USER_00838,男,北京,高,45,79,0.39887747139908997,1.2073034478548919
USER_00839,女,其他,中,21,76,-1.154333138457279,-0.2260420227196965
USER_00840,未透露,上海,低,16,88,-1.6585502553844964,-0.3280192942607366
USER_00841,男,深圳,中,24,65,-0.8024888866462995,-0.23851658169946915
USER_00842,男,其他,低,44,81,0.2938143447383777,1.1682003694372256
USER_00843,女,北京,中,28,39,-0.178678119057685,-0.40366807343340927
USER_00844,男,其他,低,19,7,-0.3484525108467437,-1.4338137040842696
USER_00845,女,深圳,高,54,33,1.6190737555817223,1.0037844459209795
USER_00846,男,深圳,中,17,42,-0.9527758243953801,-1.0028406770747478
USER_00847,男,湛江,中,16,67,-1.3660798996639576,-0.6621215763492353
USER_00848,男,深圳,中,36,41,0.3173544849185586,0.07210336558410044
USER_00849,男,其他,中,39,47,0.4358804552807275,0.3423102499124358
USER_00850,女,北京,中,41,27,0.840431754228066,0.14943401476110063
USER_00851,女,其他,中,31,16,0.3238018371373975,-0.5999982490696724
USER_00852,女,北京,中,29,141,-1.507502030969326,1.2551064427770489
USER_00853,男,湛江,高,57,26,1.900473895558049,1.05228468014309
USER_00854,女,其他,高,60,1,2.443534809308539,0.8397116995084588
USER_00855,女,其他,低,47,28,1.2156690526526053,0.5128068050807124
USER_00856,女,其他,中,36,9,0.7534240564881449,-0.41984775617656045
USER_00857,男,上海,中,38,44,0.40681859365856715,0.23413975562778247
USER_00858,男,其他,高,21,4,-0.16809351248556492,-1.3557550677524919
USER_00859,男,其他,中,23,83,-1.1165813212012858,-0.011688889199077963
USER_00860,男,其他,中,16,80,-1.5428954649832374,-0.4638961886655969
USER_00861,女,北京,高,30,41,-0.06954184887088045,-0.24143381216269336
USER_00862,女,其他,低,43,289,-2.604679163558924,4.382359495273218
USER_00863,女,广州,低,28,12,0.18019914081679364,-0.8263833535792475
USER_00864,男,其他,中,37,56,0.18083581102127758,0.369414382427406
USER_00865,男,其他,中,22,11,-0.20380531300748675,-1.2057004884766873
USER_00866,未透露,其他,低,16,18,-0.7035753852044887,-1.4314003848233146
USER_00867,女,其他,中,30,7,0.3849271621305717,-0.7978769708199352
USER_00868,女,其他,中,37,11,0.7933571164526194,-0.3290736190920637
USER_00869,女,广州,中,47,13,1.4224995562580964,0.2748398633981488
USER_00870,男,上海,高,41,76,0.1680230431334606,0.9254411804153466
USER_00871,女,深圳,中,16,3,-0.4902985148338662,-1.6665396069330047
USER_00872,女,北京,中,18,19,-0.5712508956571782,-1.2952137526935812
USER_00873,女,其他,中,25,58,-0.6403142250942843,-0.2779653480445374
USER_00874,女,其他,中,37,34,0.48190686379793257,0.03307495724498316
USER_00875,女,其他,高,53,98,0.6629083232892702,1.9690773598277342
USER_00876,男,其他,中,24,54,-0.6506550352944541,-0.41017080429813146
USER_00877,女,其他,低,41,7,1.1085187087804833,-0.15966197290143502
USER_00878,女,其他,中,26,14,0.02041825268882949,-0.918359280698596
USER_00879,女,上海,高,43,94,0.05708783473331083,1.3347319057351583
USER_00880,男,上海,低,53,39,1.4597175449165507,1.0175328407319115
USER_00881,男,其他,中,21,88,-1.319430710513725,-0.04904485208920059
USER_00882,女,其他,高,59,91,1.1504465205686454,2.2014885081167206
USER_00883,女,其他,中,36,5,0.8086547648732179,-0.48369883498442634
USER_00884,男,其他,高,48,162,-0.5438150819401275,2.672011306591507
USER_00885,女,其他,中,43,24,1.0119431489031685,0.21747968131696735
USER_00886,男,北京,中,23,186,-2.521397615415379,1.6020734316237162
USER_00887,男,深圳,中,16,105,-1.8832544156532631,-0.07193773511010766
USER_00888,女,其他,高,43,202,-1.4133031668749965,3.0295854655575036
USER_00889,男,北京,中,16,27,-0.8179965176887668,-1.2983474423359658
USER_00890,女,上海,低,52,52,1.2156764601744452,1.1721630911368024
USER_00891,男,湛江,中,33,19,0.4115882342289014,-0.4459216116518734
USER_00892,女,其他,中,51,126,0.14209891198883395,2.2746895994903573
USER_00893,男,北京,中,16,0,-0.44945378740669895,-1.723256630257678
USER_00894,女,其他,中,27,9,0.15899789981633933,-0.9352493466963786
USER_00895,男,北京,中,30,6,0.4003719667095264,-0.8244080211978142
USER_00896,女,广州,中,40,48,0.4883392161456876,0.4240872801353752
USER_00897,女,北京,高,45,81,0.3712320357608752,1.2478741974966678
USER_00898,男,深圳,中,26,35,-0.2632413327331268,-0.5988245215316133
USER_00899,女,其他,高,29,224,-2.6360782715748257,2.567646722595235
USER_00900,女,其他,中,50,14,1.6087071481839608,0.4578774205729541
USER_00901,女,其他,低,35,21,0.5199215457575236,-0.28661362444997734
USER_00902,男,深圳,中,25,85,-1.0102768522399932,0.13344933031539308
USER_00903,男,其他,高,19,13,-0.42445061863287936,-1.3271020910930371
USER_00904,男,上海,中,22,17,-0.28985430385701144,-1.1158565861355854
USER_00905,男,深圳,低,31,20,0.269110869769626,-0.5451689858420261
USER_00906,男,其他,高,55,17,1.8955957966014256,0.794848856043415
USER_00907,男,广州,高,27,50,-0.3929580440249905,-0.2800371834262884
USER_00908,男,北京,低,35,10,0.6756272628968389,-0.46761991404942077
USER_00909,女,其他,高,29,96,-0.8927694576564574,0.5635082748870642
USER_00910,男,其他,中,34,136,-1.1127082014204062,1.4512274600751673
USER_00911,女,其他,低,24,17,-0.15450589057558878,-0.9816303858186718
USER_00912,男,深圳,中,21,8,-0.22658782418754125,-1.311148220824231
USER_00913,女,上海,中,49,67,0.8170356601291063,1.2367907216426877
USER_00914,女,上海,中,32,4,0.5551975724694805,-0.7322131202446164
USER_00915,男,深圳,高,40,2,1.1198639351689177,-0.2971561919325543
USER_00916,男,深圳,低,36,7,0.7777363858838496,-0.46011684916311474
USER_00917,女,北京,低,47,20,1.3285678747474408,0.38525564240491417
USER_00918,女,上海,高,25,139,-1.7462446381254806,1.0095861541846558
USER_00919,女,其他,中,17,50,-1.0595693323090225,-0.8638515087190073
USER_00920,男,北京,中,18,84,-1.4556591122125122,-0.2798777307317734
USER_00921,男,北京,高,35,51,0.12501444837872966,0.19452936603705068
USER_00922,女,其他,中,19,86,-1.4227363002837594,-0.18293221935266674
USER_00923,男,湛江,低,28,57,-0.43414047475888223,-0.12452144017137079
USER_00924,男,其他,中,41,2,1.1791126675887058,-0.25503035276727454
USER_00925,女,上海,中,25,120,-1.4914424796914139,0.6909340974816341
USER_00926,男,湛江,高,28,18,0.09886770337937754,-0.7331885012459505
USER_00927,女,上海,低,39,39,0.5378724681465848,0.22661982924536125
USER_00928,女,其他,中,22,10,-0.18723641916335454,-1.210371269536177
USER_00929,男,其他,中,47,20,1.3263568249252602,0.36849333402756734
USER_00930,未透露,其他,中,24,106,-1.3689001701945192,0.409856575308516
USER_00931,男,上海,中,40,125,-0.5687177701098045,1.6190916685794396
USER_00932,男,广州,低,22,29,-0.4504799666710243,-0.9143142512685098
USER_00933,女,深圳,低,50,83,0.6654366096734383,1.5496352367481787
USER_00934,男,深圳,低,36,22,0.5697603262152556,-0.22748309638792452
USER_00935,女,其他,中,41,93,-0.06401162626634664,1.1879889272366726
USER_00936,男,北京,中,39,56,0.31635043977882077,0.48518353871803555
USER_00937,男,其他,中,18,69,-1.2562529229683077,-0.5164974299963644
USER_00938,女,上海,中,37,69,-0.0002678596165292375,0.5825770269045611
USER_00939,女,上海,低,21,114,-1.678710016927415,0.37305800820680823
USER_00940,女,其他,中,16,29,-0.847154556976046,-1.2559680235815631
USER_00941,男,上海,高,41,91,-0.03689450874597498,1.160363159705853
USER_00942,女,上海,中,17,45,-0.994973176568823,-0.9458448999696742
USER_00943,女,其他,低,16,52,-1.1600295794189777,-0.8856995471204453
USER_00944,男,其他,高,42,19,1.0142310412006408,0.08503355784647636
USER_00945,女,其他,中,45,20,1.195983412113248,0.26506663062751357
USER_00946,女,北京,中,30,94,-0.799740345113904,0.5732108554421209
USER_00947,男,深圳,高,35,50,0.1375734023053466,0.1751694022251806
USER_00948,男,上海,高,60,19,2.1893947434841827,1.1066154093201097
USER_00949,女,其他,中,39,63,0.21660656606433829,0.6038824365208764
USER_00950,女,其他,中,30,2,0.4534626491131739,-0.8771397498611919
USER_00951,女,北京,中,61,45,1.9090070468858322,1.5739989726780357
USER_00952,男,深圳,中,47,175,-0.7869173468636843,2.8030181710740236
USER_00953,女,其他,中,16,54,-1.183129529411407,-0.8586062952913761
USER_00954,女,其他,中,36,37,0.37265294310011104,0.021329335514589324
USER_00955,男,其他,高,33,4,0.6282053871503682,-0.6639623278016143
USER_00956,男,其他,中,38,16,0.7851662509797812,-0.21085032982703075
USER_00957,女,广州,低,32,19,0.3471421847249298,-0.48854419565743024
USER_00958,女,北京,中,41,20,0.9355212158811022,0.03663644917831895
USER_00959,女,北京,中,30,4,0.4306600035642138,-0.8435107359688672
USER_00960,未透露,其他,中,52,13,1.7494932740448677,0.5519365000944966
USER_00961,女,深圳,高,23,35,-0.4542067156586274,-0.7412512364436301
USER_00962,女,北京,中,24,6,0.005320066174240225,-1.1561672934038214
USER_00963,男,北京,低,46,15,1.3279794658237496,0.2388543819630461
USER_00964,男,北京,中,29,43,-0.16723519401754597,-0.2930640237971486
USER_00965,女,广州,中,28,5,0.279913689349916,-0.9411066640852058
USER_00966,女,其他,低,22,100,-1.4181874418969291,0.21344833128737614
USER_00967,女,其他,中,23,32,-0.42043026332917305,-0.8059227144584947
USER_00968,女,广州,中,57,129,0.4963939632571492,2.6687557677396043
USER_00969,男,湛江,低,43,14,1.1400300170559055,0.05520559607883051
USER_00970,男,其他,中,58,36,1.8312232222963185,1.2495285696405518
USER_00971,男,北京,低,48,4,1.6129321935588623,0.18122786580830896
USER_00972,女,其他,中,16,6,-0.5331950067591387,-1.6180121017200562
USER_00973,女,其他,中,35,114,-0.7441261020849598,1.1755129034869733
USER_00974,女,北京,中,42,11,1.125173176662521,-0.043786004445436795
USER_00975,女,其他,中,21,70,-1.0702615643858981,-0.3207339336666875
USER_00976,男,上海,中,25,2,0.11774769749318584,-1.17770951663916
USER_00977,男,湛江,高,28,73,-0.6483295079506666,0.13769905916148195
USER_00978,男,其他,高,27,1,0.2714812280835714,-1.0570609916499916
USER_00979,男,其他,低,32,122,-1.0584883921564436,1.1199679767569388
USER_00980,男,其他,高,21,136,-1.970959821975573,0.7208863397253827
USER_00981,女,其他,中,38,16,0.7866584248919823,-0.19905413322232937
USER_00982,男,其他,中,29,132,-1.389508252356136,1.1004607321460456
USER_00983,男,其他,中,30,16,0.2559671755898135,-0.6717142569540134
USER_00984,男,其他,中,24,63,-0.777242229917497,-0.2696796894464097
USER_00985,未透露,深圳,低,44,9,1.2792839294895266,0.039093687928155214
USER_00986,女,上海,中,29,70,-0.543175228146273,0.13694324276177872
USER_00987,男,其他,中,21,3,-0.15929909529251396,-1.389306157655883
USER_00988,男,湛江,高,40,21,0.8521103809960362,0.001632146561040424
USER_00989,男,北京,中,52,27,1.5631163118487512,0.7662219868400713
USER_00990,女,深圳,中,44,0,1.4066854902940156,-0.10182320395099176
USER_00991,女,其他,高,33,27,0.3135603353386111,-0.29178852661681004
USER_00992,女,其他,中,31,43,-0.038818428587042646,-0.16948961705110788
USER_00993,女,其他,中,16,170,-2.7704105436899398,0.9591410195356301
USER_00994,女,北京,低,25,32,-0.28575683140813457,-0.6847408540794554
USER_00995,男,其他,中,29,87,-0.7741545985590782,0.3963274267049127
USER_00996,女,北京,低,35,35,0.3362595811740861,-0.06275766569847098
USER_00997,男,湛江,低,20,6,-0.2708624145836892,-1.3916329836048698
USER_00998,男,其他,中,24,12,-0.08199238675431993,-1.07490056738491
USER_00999,男,广州,低,16,110,-1.9557039522974646,0.015277076285589858
USER_01000,男,其他,低,31,2,0.5156046585160173,-0.8241007704794301
