用户ID,性别,所在城市,消费水平,年龄,最近活跃天数,UMAP_X,UMAP_Y
USER_00001,男,其他,中,18,8,-20.728184,-5.743217
USER_00002,男,其他,中,35,61,-5.6686893,11.326341
USER_00003,男,其他,低,25,10,20.180134,-2.4942884
USER_00004,男,其他,中,25,17,-18.954233,20.415058
USER_00005,女,北京,中,23,76,-0.18677707,-13.553705
USER_00006,男,其他,中,16,2,5.5785527,-15.649454
USER_00007,女,上海,高,33,5,3.395693,14.677523
USER_00008,女,深圳,高,49,34,9.214195,14.438388
USER_00009,男,其他,中,16,36,5.6408587,-15.776466
USER_00010,女,上海,低,45,74,16.93921,-1.885547
USER_00011,女,其他,中,19,15,-20.826117,-5.8411546
USER_00012,女,深圳,中,16,39,5.649685,-15.557588
USER_00013,男,其他,高,38,65,26.28313,12.550532
USER_00014,女,北京,中,42,6,-7.796363,-1.8710306
USER_00015,女,其他,中,29,19,-7.567583,-13.263631
USER_00016,女,其他,低,27,31,16.590858,-12.300067
USER_00017,男,其他,中,49,34,10.17553,8.977771
USER_00018,女,深圳,高,49,5,9.207056,14.430403
USER_00019,男,其他,中,42,14,-7.804642,-1.8627409
USER_00020,男,其他,中,32,4,-3.4662428,21.805584
USER_00021,男,上海,低,38,102,17.05,-1.8163686
USER_00022,女,上海,低,45,38,16.932781,-1.8939794
USER_00023,女,其他,中,28,27,-21.460222,9.032634
USER_00024,女,其他,高,27,35,15.426074,15.140573
USER_00025,男,上海,高,37,19,15.363135,15.094002
USER_00026,女,其他,中,30,178,-3.7180524,15.472725
USER_00027,未透露,上海,中,19,1,-20.845354,-5.8604016
USER_00028,女,其他,高,20,16,25.990267,12.842623
USER_00029,女,上海,高,36,13,3.1433814,14.918243
USER_00030,女,其他,中,31,65,-24.564472,14.513483
USER_00031,男,其他,中,21,90,-10.891342,-24.369545
USER_00032,男,上海,高,32,44,7.5646586,14.656396
USER_00033,女,北京,中,39,9,10.0092,8.808894
USER_00034,女,深圳,低,17,7,17.26224,6.925438
USER_00035,男,北京,中,27,53,1.1617378,-6.2872715
USER_00036,女,其他,中,38,13,-10.412523,18.946392
USER_00037,男,其他,低,16,21,23.147852,-13.218416
USER_00038,女,其他,低,46,75,20.49824,-16.329725
USER_00039,女,北京,高,34,0,9.1375,14.348751
USER_00040,男,其他,高,42,8,7.5494213,14.638168
USER_00041,女,其他,中,40,13,-14.357956,1.9201075
USER_00042,男,其他,中,20,94,-10.816269,-24.29428
USER_00043,女,其他,高,21,13,9.083351,22.37706
USER_00044,未透露,深圳,低,22,49,10.515412,-4.700805
USER_00045,女,其他,中,16,64,5.5338244,-15.731932
USER_00046,男,北京,中,31,9,-24.548532,14.512908
USER_00047,女,其他,低,30,170,26.499224,4.9587145
USER_00048,未透露,其他,中,40,24,-14.351663,1.9198089
USER_00049,女,广州,高,40,59,2.329236,14.917633
USER_00050,女,北京,中,33,230,7.130522,-1.7619774
USER_00051,男,其他,低,42,60,5.922932,3.3704703
USER_00052,男,广州,低,44,83,21.665344,1.5001545
USER_00053,女,其他,中,49,52,10.176723,8.979086
USER_00054,女,其他,低,32,20,5.932468,3.3609304
USER_00055,男,北京,中,31,39,-24.52849,14.549295
USER_00056,男,其他,高,25,1,24.07752,18.814068
USER_00057,女,深圳,高,50,12,3.2308557,15.849103
USER_00058,女,北京,高,33,37,3.4016602,14.67327
USER_00059,女,其他,中,32,19,-3.419582,21.84123
USER_00060,女,广州,中,37,4,-2.5908854,7.57518
USER_00061,男,其他,低,22,9,10.428611,-4.6141872
USER_00062,男,上海,中,51,62,2.1289072,-12.394185
USER_00063,女,广州,低,36,47,20.514462,-16.345955
USER_00064,男,上海,中,51,70,2.118651,-12.404413
USER_00065,男,北京,高,35,5,8.624004,30.971212
USER_00066,女,湛江,高,54,28,8.365382,30.717077
USER_00067,男,其他,中,30,49,-3.6763399,15.51438
USER_00068,女,其他,中,26,8,-18.004566,2.1548812
USER_00069,男,其他,高,39,42,12.035562,24.988272
USER_00070,男,其他,中,33,39,7.1458282,-1.7732446
USER_00071,女,深圳,低,26,19,20.127361,-2.4547095
USER_00072,女,北京,低,34,16,21.655235,1.4715118
USER_00073,男,其他,中,36,81,-12.445644,-14.581455
USER_00074,男,上海,中,38,82,-10.40412,18.954784
USER_00075,未透露,深圳,中,23,133,-0.20686641,-13.534681
USER_00076,女,深圳,中,45,70,-1.0045639,-1.130208
USER_00077,男,其他,中,25,112,-18.88406,20.485268
USER_00078,男,北京,低,43,4,14.20798,0.67821264
USER_00079,男,其他,低,54,29,16.737343,-1.024541
USER_00080,男,广州,中,44,69,7.0593805,-0.46971774
USER_00081,女,其他,高,23,39,9.134454,22.325605
USER_00082,男,其他,中,31,6,-24.483372,14.593171
USER_00083,男,其他,中,26,86,-18.012787,2.1627681
USER_00084,女,北京,高,49,215,9.2080765,14.42413
USER_00085,男,深圳,低,24,4,20.258894,-2.5680842
USER_00086,女,其他,中,48,118,-10.315351,19.043701
USER_00087,男,湛江,高,34,6,9.102341,14.32653
USER_00088,男,其他,中,31,43,-24.500313,14.577547
USER_00089,未透露,深圳,中,27,165,1.121996,-6.2503824
USER_00090,男,其他,高,37,110,15.339484,15.073837
USER_00091,女,其他,高,37,37,15.347818,15.078093
USER_00092,女,其他,中,32,49,-3.4061465,21.865406
USER_00093,女,其他,高,40,48,2.2836673,14.928348
USER_00094,男,上海,中,43,21,7.2440863,-1.9514384
USER_00095,女,北京,低,16,84,23.102821,-13.263425
USER_00096,女,上海,低,36,86,20.546917,-16.378279
USER_00097,女,其他,中,40,100,-14.323625,1.9097927
USER_00098,男,北京,中,30,83,-3.7316601,15.459589
USER_00099,未透露,上海,中,36,92,-12.461569,-14.597451
USER_00100,女,湛江,中,30,15,-3.6791003,15.496462
USER_00101,男,其他,低,50,144,16.682499,-0.9996164
USER_00102,女,上海,中,35,6,-5.7338104,11.391303
USER_00103,未透露,其他,中,44,22,7.0399237,-0.41313976
USER_00104,男,其他,中,50,73,2.12197,-12.401506
USER_00105,女,其他,中,44,25,7.029383,-0.43824318
USER_00106,男,北京,中,33,48,7.0624914,-1.6496047
USER_00107,女,上海,高,16,28,15.846388,15.420978
USER_00108,女,广州,中,49,76,10.170535,8.972945
USER_00109,男,其他,低,31,14,26.517756,4.9730263
USER_00110,男,其他,中,41,19,-6.5044036,-3.1061676
USER_00111,女,上海,高,18,21,26.166536,12.667042
USER_00112,女,湛江,中,37,9,-2.62659,7.6105433
USER_00113,男,北京,高,22,4,9.133191,22.327408
USER_00114,男,湛江,中,25,22,-18.957443,20.411846
USER_00115,女,其他,高,38,4,26.24788,12.585713
USER_00116,女,其他,高,54,16,8.303383,30.65602
USER_00117,女,其他,高,25,33,24.065964,18.802563
USER_00118,女,深圳,中,17,68,0.40802896,-6.284291
USER_00119,男,上海,中,32,37,-3.5034063,21.7669
USER_00120,男,深圳,中,43,13,7.2886863,-2.0016117
USER_00121,男,深圳,高,19,19,26.071976,12.761302
USER_00122,男,其他,中,24,56,-11.431206,1.316489
USER_00123,女,湛江,高,60,68,8.181481,14.91154
USER_00124,男,北京,中,44,22,7.05337,-0.35768262
USER_00125,女,其他,中,32,13,-3.502949,21.768427
USER_00126,男,上海,中,33,8,7.0926743,-1.2020885
USER_00127,男,广州,高,16,201,15.88404,15.418969
USER_00128,男,深圳,低,40,100,14.14176,0.7425215
USER_00129,女,上海,高,45,40,8.536516,30.884768
USER_00130,女,广州,中,34,10,7.117349,-0.79953563
USER_00131,男,深圳,中,26,47,-18.000507,2.1752813
USER_00132,男,其他,高,39,32,12.034786,24.988071
USER_00133,女,北京,中,24,57,-11.448411,1.3463815
USER_00134,女,其他,中,41,26,-6.530447,-3.080128
USER_00135,男,其他,低,34,9,21.663109,1.4914198
USER_00136,男,其他,中,33,92,7.0511136,-1.6128565
USER_00137,男,其他,中,28,84,-21.449244,9.021623
USER_00138,女,其他,中,28,104,-21.456364,9.028708
USER_00139,男,其他,中,23,17,-0.15533349,-13.58743
USER_00140,女,其他,中,16,114,5.6432595,-15.726157
USER_00141,男,其他,低,21,140,10.457899,-4.64304
USER_00142,女,广州,高,35,79,8.57011,30.917795
USER_00143,女,其他,低,26,18,20.091902,-2.4205527
USER_00144,男,其他,高,49,42,9.208512,14.4327545
USER_00145,女,其他,中,47,8,1.4450512,-6.431245
USER_00146,男,其他,中,26,51,-17.983477,2.1918092
USER_00147,女,其他,中,19,119,-20.796074,-5.8110995
USER_00148,女,深圳,中,25,147,-18.96808,20.40123
USER_00149,男,其他,中,29,102,-7.534138,-13.230295
USER_00150,女,其他,中,32,127,-3.4269638,21.846054
USER_00151,女,上海,中,16,66,5.577385,-15.746402
USER_00152,女,其他,中,54,6,-1.0884838,-0.91096747
USER_00153,未透露,其他,高,62,25,8.013415,14.855214
USER_00154,男,广州,低,38,0,17.041573,-1.8414599
USER_00155,男,深圳,中,29,21,-7.5563555,-13.252457
USER_00156,女,湛江,中,39,30,9.895353,8.693416
USER_00157,男,上海,中,41,22,-6.5259285,-3.0846634
USER_00158,女,其他,高,45,54,8.543875,30.892025
USER_00159,男,其他,高,22,288,9.120956,22.33947
USER_00160,女,其他,高,37,69,15.307658,15.042909
USER_00161,男,其他,中,62,3,-7.5883284,-2.0618002
USER_00162,女,湛江,中,18,29,-20.76759,-5.7825975
USER_00163,男,其他,高,35,146,8.636809,30.98395
USER_00164,男,广州,中,28,26,-21.462801,9.035164
USER_00165,男,上海,中,30,12,-3.7077146,15.471639
USER_00166,男,其他,高,32,5,7.5452757,14.6411085
USER_00167,女,上海,中,27,13,1.1120536,-6.252019
USER_00168,女,其他,低,29,25,18.747408,-1.867543
USER_00169,女,上海,中,16,111,5.6577244,-15.75995
USER_00170,女,广州,中,53,23,2.1769001,-12.346214
USER_00171,女,上海,中,46,28,-12.430076,-14.566232
USER_00172,男,其他,中,16,7,5.602489,-15.666106
USER_00173,女,湛江,低,27,1,16.617508,-12.326808
USER_00174,男,其他,中,48,14,-10.2979,19.061138
USER_00175,男,其他,低,16,15,23.11013,-13.256083
USER_00176,男,其他,高,33,42,3.4009192,14.671068
USER_00177,男,其他,中,26,0,-18.00424,2.1726584
USER_00178,男,其他,低,38,45,17.025208,-1.8674122
USER_00179,女,其他,高,30,24,3.4401503,14.646879
USER_00180,女,北京,高,56,66,8.3249655,30.677223
USER_00181,男,其他,中,16,21,5.6871796,-15.62689
USER_00182,女,广州,中,22,32,-5.791743,4.9083495
USER_00183,女,其他,中,39,2,9.865232,8.663258
USER_00184,女,其他,中,16,73,5.602187,-15.664638
USER_00185,男,北京,中,55,28,-1.0057161,-1.0808539
USER_00186,男,其他,中,31,59,-24.52264,14.555888
USER_00187,男,其他,中,16,39,5.7907715,-15.594858
USER_00188,女,其他,低,29,53,18.756817,-1.8616595
USER_00189,女,其他,中,16,219,5.6990895,-15.658654
USER_00190,女,北京,中,31,129,-24.512423,14.565666
USER_00191,男,其他,低,37,177,16.652994,-12.362303
USER_00192,女,湛江,低,29,93,18.791668,-1.9067956
USER_00193,男,其他,高,29,6,12.042845,24.99609
USER_00194,男,其他,中,38,64,-10.411706,18.94725
USER_00195,男,广州,中,24,49,-11.404943,1.3415055
USER_00196,女,其他,中,44,1,7.0311394,-0.40747696
USER_00197,女,北京,低,40,80,14.165157,0.7192077
USER_00198,未透露,深圳,中,32,25,-3.463829,21.807878
USER_00199,男,其他,低,16,66,23.155937,-13.210373
USER_00200,男,北京,中,16,16,5.6529775,-15.647327
USER_00201,男,上海,高,26,56,24.019684,18.756104
USER_00202,男,其他,中,17,4,0.39500022,-6.2754865
USER_00203,男,其他,低,59,9,17.51882,-1.6573548
USER_00204,未透露,上海,低,24,52,20.240986,-2.5507808
USER_00205,女,其他,中,25,10,-18.942022,20.427298
USER_00206,女,深圳,高,24,173,24.043404,18.779917
USER_00207,女,其他,低,27,70,16.615818,-12.325083
USER_00208,女,上海,低,17,12,17.187243,7.000419
USER_00209,男,其他,中,21,104,-10.975691,-24.454039
USER_00210,男,北京,低,33,155,21.62107,1.492742
USER_00211,女,其他,中,21,26,-10.906179,-24.38444
USER_00212,男,上海,中,33,34,7.0733347,-1.5890499
USER_00213,男,上海,中,16,44,5.7238927,-15.796835
USER_00214,女,广州,中,21,41,-10.958351,-24.436733
USER_00215,男,其他,中,43,100,7.2790613,-1.9869606
USER_00216,女,其他,中,37,56,-2.6362267,7.620214
USER_00217,女,其他,高,40,68,2.317423,14.926033
USER_00218,男,其他,低,21,35,10.419274,-4.6041393
USER_00219,男,广州,中,32,15,-3.437682,21.833994
USER_00220,女,其他,中,33,5,7.1039405,-1.688691
USER_00221,女,其他,低,46,134,20.518574,-16.350134
USER_00222,男,其他,中,16,3,5.5519166,-15.727913
USER_00223,男,其他,高,16,48,15.843585,15.441889
USER_00224,男,其他,低,43,173,14.257606,0.6286976
USER_00225,女,北京,中,30,73,-3.7061791,15.485698
USER_00226,女,深圳,中,16,292,5.705915,-15.626
USER_00227,男,湛江,高,39,12,12.039133,24.992435
USER_00228,男,其他,中,43,15,7.253467,-1.9643923
USER_00229,未透露,上海,中,30,50,-3.6709058,15.434534
USER_00230,男,广州,低,39,26,18.69462,-1.8393096
USER_00231,女,上海,中,32,22,-3.4450417,21.826717
USER_00232,女,湛江,低,29,10,18.78402,-1.8883144
USER_00233,女,其他,中,37,49,-2.6609244,7.6448174
USER_00234,男,北京,低,39,47,18.697788,-1.8410133
USER_00235,女,湛江,高,49,28,9.229256,14.453882
USER_00236,男,湛江,高,22,43,9.103138,22.357199
USER_00237,男,其他,中,28,3,-21.316889,8.889257
USER_00238,男,湛江,中,31,17,-24.518772,14.559177
USER_00239,女,其他,中,31,5,-24.546108,14.531856
USER_00240,男,其他,高,25,34,24.080414,18.816961
USER_00241,女,其他,中,21,21,-10.964811,-24.443188
USER_00242,男,北京,中,32,7,-3.4232965,21.848112
USER_00243,女,其他,低,26,5,20.066576,-2.3972855
USER_00244,女,其他,高,26,137,23.984024,18.72048
USER_00245,男,其他,中,36,80,-12.497391,-14.633096
USER_00246,男,其他,高,40,112,2.2747672,14.969362
USER_00247,女,其他,中,36,65,-12.4364,-14.572404
USER_00248,男,北京,中,58,8,-12.124325,-14.266646
USER_00249,女,上海,低,19,77,17.156342,7.031233
USER_00250,女,湛江,中,25,63,-18.91076,20.458584
USER_00251,男,其他,低,18,57,17.228607,6.9591055
USER_00252,男,北京,中,38,31,-10.352135,19.006918
USER_00253,女,其他,中,16,23,5.6707115,-15.749915
USER_00254,未透露,北京,低,21,43,10.4389515,-4.6241703
USER_00255,男,其他,中,16,44,5.5250216,-15.66569
USER_00256,女,上海,中,25,49,-18.929977,20.439375
USER_00257,女,北京,中,35,33,-5.691919,11.349514
USER_00258,男,其他,中,28,36,-21.4312,9.003546
USER_00259,男,其他,高,36,14,3.1172357,14.923006
USER_00260,女,广州,中,30,7,-3.6999314,15.437682
USER_00261,未透露,湛江,中,16,88,5.853868,-15.773655
USER_00262,男,上海,中,35,61,-5.698579,11.356105
USER_00263,男,上海,高,57,32,15.326461,15.068125
USER_00264,女,其他,中,46,101,-12.395678,-14.531682
USER_00265,男,北京,中,32,137,-3.4325738,21.839102
USER_00266,男,北京,中,23,135,-0.20753315,-13.534182
USER_00267,男,其他,高,33,101,3.4621577,14.607357
USER_00268,男,其他,中,37,54,-2.6350284,7.6166058
USER_00269,男,北京,中,20,55,-10.857487,-24.335503
USER_00270,未透露,北京,中,39,29,9.87996,8.6778965
USER_00271,女,上海,中,31,48,-24.51477,14.563175
USER_00272,女,其他,高,56,133,8.332573,30.684626
USER_00273,女,其他,中,18,52,-20.736513,-5.7515388
USER_00274,男,其他,低,51,2,16.655882,-0.9531309
USER_00275,未透露,深圳,低,36,67,20.535177,-16.36717
USER_00276,女,深圳,中,49,55,10.1302185,8.932684
USER_00277,女,其他,中,47,6,1.3059621,-6.365238
USER_00278,女,北京,中,28,22,-21.465645,9.037994
USER_00279,男,其他,中,16,23,5.7547846,-15.490071
USER_00280,男,北京,中,28,55,-21.413544,8.985931
USER_00281,女,湛江,中,32,32,-3.45492,21.816652
USER_00282,男,广州,中,45,25,-0.97722507,-1.1401262
USER_00283,女,其他,中,40,63,-14.354863,1.9157574
USER_00284,未透露,北京,高,38,0,26.229498,12.60413
USER_00285,女,其他,中,29,5,-7.5402107,-13.236379
USER_00286,女,上海,中,38,18,-10.436128,18.922907
USER_00287,女,其他,中,50,15,2.1128292,-12.410649
USER_00288,男,北京,高,41,57,2.3781466,14.894052
USER_00289,男,其他,中,33,14,7.053983,-1.6306759
USER_00290,未透露,湛江,低,20,39,17.133907,7.0536075
USER_00291,男,其他,低,46,107,20.510546,-16.342157
USER_00292,男,上海,中,36,26,-12.474897,-14.610666
USER_00293,女,其他,中,40,16,-14.352782,1.925851
USER_00294,女,深圳,中,23,5,-0.17859948,-13.563046
USER_00295,女,湛江,中,38,99,-10.36936,18.989656
USER_00296,男,北京,高,38,51,26.23865,12.594979
USER_00297,女,其他,中,49,34,10.140981,8.943178
USER_00298,未透露,北京,中,16,25,5.535544,-15.695385
USER_00299,男,其他,中,35,43,-5.6703596,11.32793
USER_00300,男,北京,高,25,112,24.074745,18.811373
USER_00301,男,广州,中,24,36,-11.396651,1.3294398
USER_00302,男,其他,中,29,38,-7.5394077,-13.235473
USER_00303,女,其他,中,17,55,0.40746883,-6.281178
USER_00304,未透露,其他,中,17,65,0.40523636,-6.3031797
USER_00305,男,北京,中,20,38,-10.8293495,-24.3074
USER_00306,男,湛江,中,39,21,9.865067,8.662908
USER_00307,女,其他,低,25,8,20.194946,-2.5083127
USER_00308,未透露,其他,中,16,92,5.5762625,-15.674543
USER_00309,女,其他,高,33,87,3.3784158,14.668776
USER_00310,女,其他,高,36,18,3.174463,14.884121
USER_00311,男,深圳,高,40,18,2.2995968,14.91175
USER_00312,男,深圳,中,40,36,-14.302766,1.9603751
USER_00313,女,湛江,低,27,133,16.618843,-12.328115
USER_00314,男,其他,中,37,105,-2.6685495,7.65246
USER_00315,女,其他,中,25,25,-18.956886,20.412445
USER_00316,男,其他,中,29,185,-7.558161,-13.254087
USER_00317,女,其他,高,61,72,8.167355,14.90476
USER_00318,男,其他,中,28,7,-21.485249,9.057603
USER_00319,男,北京,高,38,28,26.233723,12.599907
USER_00320,男,其他,中,32,5,-3.4483113,21.823336
USER_00321,女,上海,中,20,3,-10.863042,-24.341078
USER_00322,女,湛江,高,50,263,3.2740638,15.80445
USER_00323,男,其他,低,25,6,20.120543,-2.434397
USER_00324,男,北京,中,27,3,1.1706549,-6.2634087
USER_00325,女,其他,低,16,48,23.098946,-13.267342
USER_00326,女,深圳,高,42,108,7.5532813,14.644331
USER_00327,男,上海,中,46,66,-12.43504,-14.570999
USER_00328,女,北京,中,28,32,-21.470577,9.042948
USER_00329,男,上海,中,33,12,7.0950813,-1.6198095
USER_00330,男,上海,低,18,80,17.240753,6.9469624
USER_00331,未透露,湛江,高,16,93,15.823197,15.362168
USER_00332,男,湛江,高,60,19,8.15121,14.945387
USER_00333,女,湛江,中,21,76,-10.975808,-24.454185
USER_00334,女,其他,中,16,18,5.474359,-15.766469
USER_00335,女,深圳,中,30,50,-3.659629,15.52209
USER_00336,女,其他,中,43,47,7.268881,-1.9796696
USER_00337,男,其他,高,33,57,3.3668334,14.709639
USER_00338,男,北京,中,52,3,6.064812,10.646231
USER_00339,男,北京,低,22,17,10.411936,-4.5973763
USER_00340,男,其他,中,47,10,1.4887038,-6.4586186
USER_00341,男,北京,中,22,1,-5.769801,4.929967
USER_00342,男,其他,中,42,73,-7.8307376,-1.8373265
USER_00343,女,深圳,中,35,74,-5.708308,11.365905
USER_00344,女,其他,高,20,172,26.043762,12.78929
USER_00345,女,广州,低,49,68,17.344288,-1.7146747
USER_00346,女,其他,高,53,20,3.224184,15.241515
USER_00347,女,上海,中,16,47,5.6838684,-15.617455
USER_00348,女,上海,高,16,10,15.884795,15.382664
USER_00349,女,其他,中,35,93,-5.6881127,11.345759
USER_00350,女,上海,中,35,30,-5.66329,11.320935
USER_00351,女,其他,中,19,39,-20.794983,-5.810002
USER_00352,未透露,其他,高,51,9,3.2788992,15.741952
USER_00353,男,其他,低,32,91,5.934822,3.3589005
USER_00354,女,其他,中,16,35,5.6482997,-15.549171
USER_00355,男,其他,中,35,71,-5.786152,11.443712
USER_00356,男,湛江,高,52,14,3.2938702,15.884561
USER_00357,女,其他,高,60,11,8.157092,14.930086
USER_00358,女,其他,中,26,10,-18.045212,2.131545
USER_00359,男,其他,中,16,8,5.6543083,-15.555095
USER_00360,男,其他,低,18,22,17.226183,6.9615364
USER_00361,男,其他,低,16,26,23.19159,-13.1747465
USER_00362,女,北京,中,49,21,10.211944,9.014617
USER_00363,女,北京,中,58,3,-12.125474,-14.268132
USER_00364,女,其他,中,28,46,-21.42011,8.992552
USER_00365,女,其他,中,31,4,-24.568771,14.509145
USER_00366,男,广州,中,47,61,1.4260367,-6.4629545
USER_00367,女,其他,中,26,28,-17.987303,2.1888986
USER_00368,男,上海,中,21,66,-10.910246,-24.38855
USER_00369,未透露,其他,中,54,77,-1.0580928,-0.9535456
USER_00370,男,深圳,中,19,24,-20.842766,-5.8577905
USER_00371,女,其他,高,16,1,15.864104,15.407241
USER_00372,男,其他,中,17,36,0.4027375,-6.28276
USER_00373,男,其他,中,44,92,7.033958,-0.3891232
USER_00374,男,其他,中,29,32,-7.541685,-13.237853
USER_00375,男,北京,中,16,65,5.622173,-15.541614
USER_00376,女,上海,中,30,7,-3.8119729,15.409063
USER_00377,女,其他,低,20,14,17.14531,7.042219
USER_00378,女,上海,中,21,71,-10.904099,-24.382347
USER_00379,男,其他,高,25,3,24.099802,18.836384
USER_00380,女,北京,中,31,26,-24.518236,14.532924
USER_00381,男,其他,高,34,41,9.098967,14.322475
USER_00382,女,北京,中,33,15,7.1735,-1.8036637
USER_00383,女,其他,中,18,41,-20.747116,-5.7621446
USER_00384,男,其他,中,38,21,-10.470558,18.888332
USER_00385,男,上海,中,39,41,9.90022,8.698008
USER_00386,女,北京,中,26,64,-18.060352,2.1194537
USER_00387,男,其他,中,31,33,-24.51848,14.558886
USER_00388,男,其他,低,22,55,10.429301,-4.61464
USER_00389,男,深圳,中,23,35,-0.21611995,-13.525987
USER_00390,女,湛江,高,32,77,7.542633,14.636606
USER_00391,男,上海,高,45,36,8.554933,30.902973
USER_00392,男,其他,低,22,102,10.445428,-4.6285243
USER_00393,男,湛江,低,31,119,26.495972,4.9535456
USER_00394,女,湛江,高,38,53,26.236975,12.596687
USER_00395,女,深圳,中,16,78,5.742246,-15.502012
USER_00396,女,其他,中,34,25,7.0951896,-0.83218116
USER_00397,女,其他,高,54,19,8.37011,30.722027
USER_00398,女,其他,中,39,205,9.859557,8.657645
USER_00399,男,上海,高,50,8,3.1966932,15.886274
USER_00400,男,其他,高,41,107,2.3895974,14.886882
USER_00401,女,其他,低,35,55,16.953768,-1.869219
USER_00402,女,上海,低,31,27,26.496891,4.954372
USER_00403,男,北京,中,53,110,2.1421533,-12.380934
USER_00404,男,其他,高,34,97,9.13247,14.354382
USER_00405,女,其他,中,28,86,-21.414633,8.986916
USER_00406,男,深圳,中,16,88,5.5721617,-15.70083
USER_00407,男,上海,中,25,21,-18.944082,20.425297
USER_00408,男,其他,中,27,48,1.112675,-6.2718024
USER_00409,男,其他,中,32,6,-3.4637907,21.807753
USER_00410,女,广州,中,33,3,7.066017,-1.6310345
USER_00411,男,其他,中,25,51,-18.97199,20.39738
USER_00412,女,其他,中,41,11,-6.5553613,-3.0552752
USER_00413,男,广州,中,40,54,-14.359311,1.9097482
USER_00414,男,其他,中,40,41,-14.295557,1.9851723
USER_00415,男,深圳,中,33,23,7.1235986,-1.6157182
USER_00416,未透露,北京,中,45,2,-1.0022365,-1.1149478
USER_00417,女,其他,中,26,120,-18.032328,2.1456637
USER_00418,女,其他,高,51,164,3.2524583,15.799078
USER_00419,女,广州,低,39,5,18.715014,-1.8569672
USER_00420,女,其他,高,27,13,15.431331,15.152657
USER_00421,男,湛江,中,16,17,5.776873,-15.506045
USER_00422,女,北京,低,41,95,14.202424,0.68241286
USER_00423,女,其他,低,40,1,14.1665535,0.71788305
USER_00424,女,其他,低,24,36,20.176031,-2.4876883
USER_00425,男,其他,中,35,88,-5.688921,11.346305
USER_00426,女,其他,中,39,28,9.789601,8.587448
USER_00427,男,深圳,中,42,29,-7.8127704,-1.8546696
USER_00428,女,其他,中,34,60,7.107309,-0.8029926
USER_00429,男,其他,高,41,52,2.3621368,14.9293785
USER_00430,未透露,其他,中,16,35,5.59307,-15.678363
USER_00431,女,北京,中,26,2,-18.034441,2.1429613
USER_00432,男,广州,低,16,20,23.164438,-13.201877
USER_00433,女,上海,中,21,36,-10.828477,-24.30669
USER_00434,男,北京,中,23,1,-0.2398324,-13.503004
USER_00435,男,广州,低,37,17,16.647583,-12.356849
USER_00436,女,深圳,高,64,47,8.75163,14.602548
USER_00437,男,广州,中,31,60,-24.500454,14.577166
USER_00438,未透露,北京,中,44,25,7.009471,-0.41251263
USER_00439,男,深圳,低,41,18,14.177294,0.7075614
USER_00440,女,其他,低,50,0,16.674038,-0.99574345
USER_00441,女,北京,中,33,58,7.083481,-1.656334
USER_00442,男,深圳,中,24,23,-11.366586,1.2625368
USER_00443,男,深圳,中,38,55,-10.438951,18.919226
USER_00444,女,深圳,中,29,0,-7.53229,-13.228421
USER_00445,女,其他,中,36,6,-12.5161495,-14.652009
USER_00446,女,北京,中,39,7,9.8506155,8.648343
USER_00447,男,深圳,中,64,2,7.063693,-0.4799226
USER_00448,男,其他,中,26,65,-18.001558,2.185524
USER_00449,女,其他,中,54,16,-1.0705477,-0.94149095
USER_00450,男,其他,中,23,80,-0.24954845,-13.493035
USER_00451,女,其他,低,16,43,23.169897,-13.196428
USER_00452,男,其他,中,23,58,-0.22515404,-13.5178
USER_00453,男,上海,中,20,1,-10.779784,-24.257793
USER_00454,女,其他,中,26,3,-18.016636,2.1682115
USER_00455,男,广州,中,16,12,5.4999747,-15.824395
USER_00456,未透露,湛江,中,47,7,1.4376802,-6.416738
USER_00457,女,北京,中,30,1,-3.742341,15.505733
USER_00458,男,深圳,高,36,1,3.1617396,14.895246
USER_00459,女,湛江,中,30,109,-3.7123609,15.48159
USER_00460,女,其他,低,34,17,21.688467,1.5184432
USER_00461,未透露,深圳,中,38,8,-10.370516,18.98805
USER_00462,女,其他,中,16,89,5.7794046,-15.55966
USER_00463,男,广州,中,16,169,5.5548205,-15.636276
USER_00464,女,广州,中,21,7,-10.981446,-24.459816
USER_00465,男,其他,中,35,42,-5.6928086,11.349478
USER_00466,女,上海,中,42,2,-7.8304625,-1.8368913
USER_00467,男,其他,中,35,101,-5.703775,11.361241
USER_00468,男,其他,高,53,79,3.2102375,15.232152
USER_00469,男,其他,低,30,198,26.485779,4.943499
USER_00470,女,其他,中,17,23,0.42100427,-6.3033004
USER_00471,男,上海,中,34,33,7.0796337,-0.62173545
USER_00472,女,其他,低,16,26,23.12459,-13.241756
USER_00473,女,其他,中,45,111,-0.98897505,-1.1268456
USER_00474,男,其他,中,29,35,-7.613003,-13.308674
USER_00475,女,其他,高,55,64,8.419215,30.769714
USER_00476,女,北京,中,29,22,-7.5149784,-13.211135
USER_00477,女,广州,中,25,0,-19.009518,20.359833
USER_00478,女,其他,中,42,7,-7.8112473,-1.856216
USER_00479,女,其他,中,39,47,9.855972,8.653849
USER_00480,男,湛江,高,37,26,15.320015,15.052161
USER_00481,男,北京,中,33,147,7.0335474,-1.6007886
USER_00482,男,其他,中,30,17,-3.794197,15.401774
USER_00483,男,其他,中,29,3,-7.5669894,-13.263156
USER_00484,男,广州,中,32,16,-3.4718113,21.807669
USER_00485,女,其他,中,28,32,-21.49555,9.067856
USER_00486,男,其他,低,39,46,18.698666,-1.8402797
USER_00487,男,其他,高,39,29,12.023776,24.97704
USER_00488,女,其他,高,44,57,9.149429,14.386938
USER_00489,男,其他,低,34,36,21.660576,1.4896817
USER_00490,男,其他,中,48,34,-10.264515,19.094543
USER_00491,男,北京,中,24,16,-11.402486,1.2937576
USER_00492,女,北京,低,32,0,5.932418,3.3609738
USER_00493,男,其他,中,28,15,-21.44878,9.021116
USER_00494,女,广州,中,22,111,-5.779653,4.920599
USER_00495,男,其他,中,31,24,-24.500475,14.577283
USER_00496,女,其他,高,55,9,8.424793,30.775223
USER_00497,女,其他,低,19,5,17.175829,7.0117993
USER_00498,女,其他,高,44,22,9.1327305,14.37194
USER_00499,未透露,其他,中,16,22,5.5305295,-15.740239
USER_00500,男,北京,中,29,26,-7.5455785,-13.241769
USER_00501,女,其他,中,27,106,0.82394665,-6.2718296
USER_00502,男,其他,中,57,17,1.4416332,-6.451918
USER_00503,男,其他,中,44,25,7.0450006,-0.40390635
USER_00504,女,上海,中,16,16,5.594848,-15.569365
USER_00505,男,北京,高,16,90,15.8884,15.42683
USER_00506,男,深圳,中,33,0,7.1015687,-1.7382625
USER_00507,男,深圳,中,41,45,-6.549008,-3.061589
USER_00508,男,湛江,低,16,36,23.15591,-13.210408
USER_00509,女,广州,中,33,186,7.144017,-1.7676566
USER_00510,男,北京,中,50,82,2.0960479,-12.427422
USER_00511,男,上海,高,50,36,3.2137284,15.866609
USER_00512,男,深圳,高,23,17,9.151317,22.309277
USER_00513,女,其他,低,40,30,14.192191,0.6923181
USER_00514,男,广州,高,40,12,2.290611,14.939517
USER_00515,男,湛江,中,23,158,-0.20575795,-13.54402
USER_00516,女,其他,低,31,39,26.505678,4.9629107
USER_00517,未透露,北京,中,24,7,-11.418853,1.3097055
USER_00518,女,其他,中,24,7,-11.44236,1.3232279
USER_00519,女,其他,中,17,21,0.41495234,-6.2853827
USER_00520,女,广州,中,42,110,-7.805128,-1.8628336
USER_00521,女,北京,高,18,158,26.170252,12.663341
USER_00522,女,上海,中,30,56,-3.8398635,15.3761425
USER_00523,男,广州,低,58,28,17.091187,-1.8503683
USER_00524,男,上海,中,16,11,5.7953515,-15.65829
USER_00525,男,其他,低,37,13,16.67137,-12.380713
USER_00526,未透露,上海,低,36,263,20.534235,-16.365547
USER_00527,女,其他,中,26,45,-18.043947,2.1687305
USER_00528,男,其他,低,16,10,23.172798,-13.194308
USER_00529,女,其他,低,32,189,5.945207,3.3484244
USER_00530,女,上海,中,38,63,-10.478213,18.880314
USER_00531,男,其他,中,34,73,7.038448,-0.600405
USER_00532,女,北京,高,17,22,15.737457,15.314912
USER_00533,女,上海,中,23,94,-0.2128647,-13.529821
USER_00534,女,北京,中,18,1,-20.750261,-5.7652774
USER_00535,女,其他,高,29,125,12.049162,25.00242
USER_00536,未透露,北京,中,16,23,5.432858,-15.749292
USER_00537,男,其他,低,33,22,21.64871,1.4758117
USER_00538,女,上海,中,39,22,9.949189,8.748191
USER_00539,女,上海,高,16,1,15.891802,15.434166
USER_00540,男,上海,低,32,16,5.897376,3.3960378
USER_00541,未透露,其他,中,38,71,-10.443268,18.915173
USER_00542,男,深圳,低,63,146,14.239666,0.64531195
USER_00543,女,深圳,中,27,11,1.1497974,-6.2517023
USER_00544,女,上海,中,16,96,5.531981,-15.467388
USER_00545,男,北京,高,38,26,26.264698,12.568991
USER_00546,女,其他,中,40,59,-14.366351,1.9584702
USER_00547,女,其他,高,45,16,8.541247,30.889547
USER_00548,男,北京,高,56,72,8.295454,30.64792
USER_00549,男,深圳,中,23,18,-0.124158666,-13.616941
USER_00550,男,北京,中,19,170,-20.795042,-5.810086
USER_00551,男,其他,中,28,18,-21.506176,9.078484
USER_00552,男,其他,低,45,10,16.928175,-1.890555
USER_00553,男,其他,低,49,54,17.344263,-1.7137951
USER_00554,男,其他,中,16,9,5.697542,-15.49587
USER_00555,女,其他,低,16,62,23.149986,-13.216395
USER_00556,女,北京,中,41,35,-6.5040994,-3.1066375
USER_00557,男,其他,低,44,30,21.681719,1.5137094
USER_00558,女,其他,中,43,98,7.247104,-1.9507105
USER_00559,男,其他,高,16,192,15.904299,15.419882
USER_00560,女,其他,中,17,41,0.40546983,-6.252779
USER_00561,女,湛江,中,37,66,-2.6569543,7.64011
USER_00562,男,北京,低,25,0,20.190271,-2.5040364
USER_00563,女,其他,中,41,84,-6.525737,-3.0849445
USER_00564,女,其他,高,25,35,24.059229,18.795748
USER_00565,女,其他,高,34,25,9.095202,14.315042
USER_00566,男,其他,高,60,18,8.232071,14.874782
USER_00567,男,其他,中,24,49,-11.425169,1.3413217
USER_00568,女,其他,低,41,0,14.195774,0.6890867
USER_00569,女,北京,中,19,21,-20.879658,-5.8946633
USER_00570,女,广州,中,18,25,-20.827072,-5.8420863
USER_00571,男,其他,中,53,20,2.1526139,-12.370256
USER_00572,男,深圳,低,24,51,20.242296,-2.5569785
USER_00573,女,其他,高,50,5,3.250445,15.828209
USER_00574,男,广州,中,26,196,-18.09916,2.0789511
USER_00575,男,其他,高,50,60,3.2328784,15.851412
USER_00576,男,广州,中,24,15,-11.413918,1.3108813
USER_00577,男,湛江,中,43,172,7.3105254,-2.0471995
USER_00578,女,北京,高,25,151,24.058172,18.794764
USER_00579,男,北京,中,49,15,10.131734,8.934225
USER_00580,男,其他,中,46,56,-12.438803,-14.574736
USER_00581,女,其他,中,39,100,9.858586,8.656331
USER_00582,女,北京,高,22,144,9.121773,22.338594
USER_00583,女,其他,中,51,56,2.142444,-12.380523
USER_00584,男,北京,中,40,14,-14.282484,1.9893486
USER_00585,男,其他,中,27,55,1.123695,-6.2377954
USER_00586,未透露,北京,高,37,28,15.331634,15.06348
USER_00587,男,其他,低,16,28,23.16483,-13.201539
USER_00588,女,北京,中,26,47,-18.079426,2.0984771
USER_00589,女,上海,中,36,0,-12.492554,-14.628277
USER_00590,男,上海,中,38,14,-10.365021,18.993776
USER_00591,男,湛江,中,51,4,2.0913887,-12.431791
USER_00592,未透露,其他,低,43,86,14.230843,0.6555819
USER_00593,女,其他,中,49,66,10.182632,8.985081
USER_00594,女,北京,中,40,126,-14.33838,1.9199574
USER_00595,女,其他,中,41,54,-6.478703,-3.1320271
USER_00596,女,湛江,中,28,14,-21.418764,8.991086
USER_00597,女,深圳,中,38,3,-10.372532,18.986176
USER_00598,女,广州,中,34,1,7.1346292,-0.7719649
USER_00599,男,其他,高,41,5,2.3692856,14.901196
USER_00600,女,深圳,中,31,15,-24.563652,14.573288
USER_00601,男,上海,高,38,106,26.280127,12.553546
USER_00602,女,其他,高,19,17,26.084656,12.748742
USER_00603,男,上海,中,16,21,5.872052,-15.845038
USER_00604,女,其他,中,38,122,-10.472574,18.910774
USER_00605,未透露,广州,中,40,104,-14.335048,1.936102
USER_00606,男,深圳,中,32,34,-3.4183028,21.852997
USER_00607,男,其他,中,34,68,7.105043,-0.8051783
USER_00608,男,其他,高,33,55,3.4566295,14.614358
USER_00609,男,其他,中,33,8,7.027243,-1.6643013
USER_00610,男,北京,高,52,110,3.2654462,15.844697
USER_00611,男,深圳,高,33,46,3.4061303,14.657058
USER_00612,男,北京,中,16,13,5.7039156,-15.399994
USER_00613,男,其他,中,16,28,5.8226123,-15.694324
USER_00614,女,其他,中,48,9,-10.265902,19.09321
USER_00615,女,深圳,低,38,6,17.031507,-1.8524541
USER_00616,女,北京,中,58,7,-12.106411,-14.24904
USER_00617,女,上海,中,30,35,-3.6924276,15.490578
USER_00618,男,北京,中,34,3,7.144749,-0.8508057
USER_00619,男,其他,中,18,0,-20.719477,-5.7344956
USER_00620,女,其他,低,42,86,5.950113,3.343406
USER_00621,女,湛江,中,29,10,-7.583234,-13.279293
USER_00622,女,其他,中,49,3,10.136672,8.939158
USER_00623,男,其他,低,28,39,18.921814,-1.9661281
USER_00624,未透露,北京,中,43,3,7.2750573,-1.9983805
USER_00625,男,其他,中,19,21,-20.808104,-5.823121
USER_00626,男,北京,中,23,31,-0.23667565,-13.506714
USER_00627,女,其他,中,29,0,-7.552594,-13.248646
USER_00628,女,其他,中,57,3,1.4319153,-6.433131
USER_00629,女,其他,中,41,36,-6.5112367,-3.0991452
USER_00630,男,其他,中,39,67,9.864981,8.6622505
USER_00631,男,上海,中,36,71,-12.486582,-14.622208
USER_00632,女,其他,低,34,43,21.691336,1.4535578
USER_00633,女,上海,中,20,11,-10.783195,-24.261208
USER_00634,男,上海,中,43,27,7.312549,-2.0287623
USER_00635,女,其他,高,34,24,9.087489,14.299211
USER_00636,女,其他,中,26,15,-18.06197,2.1160715
USER_00637,女,上海,中,16,15,5.4827037,-15.579003
USER_00638,男,其他,中,45,45,-0.9744806,-1.1458005
USER_00639,男,其他,低,40,10,14.143038,0.7413449
USER_00640,男,其他,中,41,28,-6.5127363,-3.0979795
USER_00641,男,上海,高,28,40,26.29948,12.534231
USER_00642,男,其他,中,37,114,-2.6346948,7.617949
USER_00643,女,广州,低,26,42,20.107878,-2.4358144
USER_00644,男,北京,低,39,19,18.737652,-1.8781916
USER_00645,女,其他,低,30,6,26.497004,4.954242
USER_00646,男,深圳,中,25,41,-18.917809,20.451576
USER_00647,男,其他,中,48,1,-10.293824,19.065277
USER_00648,女,其他,中,39,48,9.824293,8.622073
USER_00649,女,其他,中,53,24,2.1284924,-12.394227
USER_00650,男,其他,低,26,132,20.006844,-2.3363864
USER_00651,男,其他,中,45,62,-1.0224257,-1.098225
USER_00652,女,北京,中,38,56,-10.4561825,18.902344
USER_00653,女,深圳,低,32,58,5.9371223,3.3564203
USER_00654,女,其他,中,16,8,5.7692204,-15.450198
USER_00655,女,其他,高,27,55,15.37019,15.0904665
USER_00656,女,上海,高,53,75,3.2225027,15.2284565
USER_00657,女,其他,低,20,25,17.140844,7.046731
USER_00658,男,其他,中,65,127,-1.0055753,-1.074076
USER_00659,女,其他,中,22,46,-5.77196,4.9279914
USER_00660,女,其他,中,30,11,-3.734011,15.479202
USER_00661,女,其他,高,21,81,9.106633,22.353882
USER_00662,未透露,北京,低,43,48,14.240519,0.6456383
USER_00663,未透露,湛江,低,29,3,18.81632,-1.9289426
USER_00664,未透露,其他,低,26,139,20.070572,-2.4019012
USER_00665,男,深圳,高,24,31,24.05971,18.796331
USER_00666,男,北京,高,23,7,9.175461,22.284561
USER_00667,未透露,其他,低,16,80,23.130081,-13.236358
USER_00668,男,广州,中,26,6,-18.058537,2.119815
USER_00669,男,深圳,中,27,20,1.1493527,-6.252788
USER_00670,女,上海,高,35,33,8.612349,30.960087
USER_00671,男,其他,低,34,35,21.623283,1.451006
USER_00672,男,其他,中,19,33,-20.797686,-5.8127337
USER_00673,男,湛江,中,17,64,0.36260775,-6.306255
USER_00674,女,其他,中,16,99,5.675675,-15.76797
USER_00675,男,其他,低,17,33,17.2764,6.911357
USER_00676,女,湛江,中,26,91,-18.041916,2.1364317
USER_00677,男,其他,中,25,71,-18.922869,20.446535
USER_00678,男,上海,中,16,9,5.3731155,-15.859719
USER_00679,女,其他,中,17,40,0.38562506,-6.3141623
USER_00680,男,其他,高,39,42,12.013635,24.966915
USER_00681,男,广州,中,37,16,-2.717806,7.7016706
USER_00682,女,其他,中,26,7,-18.10211,2.0759957
USER_00683,男,其他,中,33,93,7.0422473,-1.6136816
USER_00684,女,上海,中,21,12,-10.97557,-24.453947
USER_00685,男,其他,中,35,49,-5.716028,11.37308
USER_00686,女,上海,中,36,21,-12.531219,-14.666992
USER_00687,男,湛江,低,24,119,20.232536,-2.5421536
USER_00688,男,湛江,中,23,8,-0.27520895,-13.482921
USER_00689,女,深圳,中,46,9,-12.402646,-14.538528
USER_00690,男,上海,中,27,35,1.1145775,-6.3002915
USER_00691,女,其他,中,24,1,-11.397823,1.2816669
USER_00692,女,深圳,中,32,8,-3.4020963,21.869646
USER_00693,男,深圳,中,34,16,7.105622,-0.80740863
USER_00694,男,深圳,低,21,24,10.447833,-4.632964
USER_00695,女,北京,中,41,41,-6.460395,-3.15047
USER_00696,女,深圳,高,18,0,26.201056,12.63255
USER_00697,女,其他,中,23,1,-0.2701812,-13.473839
USER_00698,未透露,其他,低,17,15,17.238169,6.949569
USER_00699,女,其他,中,35,16,-5.644482,11.301966
USER_00700,男,其他,高,38,62,26.215076,12.61866
USER_00701,女,其他,低,18,4,17.215458,6.9723463
USER_00702,男,上海,中,16,89,5.4453692,-15.814343
USER_00703,女,上海,中,18,172,-20.824026,-5.839058
USER_00704,男,其他,中,35,31,-5.694076,11.351444
USER_00705,女,其他,中,42,85,-7.8049836,-1.8627434
USER_00706,女,北京,高,33,11,3.4853294,14.575356
USER_00707,女,深圳,中,28,58,-21.445288,9.017625
USER_00708,男,上海,高,39,20,12.059458,25.012753
USER_00709,男,其他,高,34,16,9.052572,14.265972
USER_00710,女,广州,中,52,28,6.079705,10.631332
USER_00711,男,北京,中,28,66,-21.376772,8.949148
USER_00712,女,其他,低,40,41,14.192831,0.69167393
USER_00713,女,其他,中,37,5,-2.6504717,7.6344285
USER_00714,女,湛江,高,51,197,3.2430134,15.7741
USER_00715,男,北京,中,37,5,-2.6543205,7.6385007
USER_00716,男,其他,中,56,139,-12.259759,-14.398943
USER_00717,女,其他,中,31,21,-24.582989,14.496217
USER_00718,男,北京,中,37,30,-2.598857,7.582797
USER_00719,男,其他,中,16,86,5.5673366,-15.423698
USER_00720,女,湛江,中,44,22,6.956187,-0.3416469
USER_00721,女,广州,中,31,32,-24.59638,14.483014
USER_00722,女,上海,中,21,82,-10.96707,-24.445421
USER_00723,女,深圳,中,36,6,-12.472579,-14.608203
USER_00724,女,其他,中,29,1,-7.4878516,-13.183958
USER_00725,男,深圳,高,45,41,8.532685,30.881092
USER_00726,女,北京,中,32,6,-3.440102,21.831669
USER_00727,女,其他,中,29,39,-7.5748425,-13.272388
USER_00728,男,其他,低,24,47,20.21578,-2.5267599
USER_00729,男,上海,高,19,56,26.08859,12.744779
USER_00730,女,北京,中,16,10,5.710614,-15.613048
USER_00731,男,其他,高,17,105,15.688292,15.276949
USER_00732,女,上海,中,28,65,-21.505209,9.077535
USER_00733,未透露,上海,低,48,25,17.092518,-1.7706168
USER_00734,女,其他,中,49,27,10.189451,8.991937
USER_00735,女,其他,高,33,93,3.402452,14.664954
USER_00736,男,深圳,低,47,14,16.636713,-12.3460245
USER_00737,女,湛江,中,40,19,-14.296126,1.9762272
USER_00738,男,广州,高,16,191,15.879009,15.418918
USER_00739,未透露,深圳,中,47,81,1.3326226,-6.368331
USER_00740,女,深圳,中,17,15,0.3888561,-6.268903
USER_00741,未透露,北京,中,47,6,1.4648054,-6.434271
USER_00742,女,上海,中,45,12,-0.9937373,-1.1072736
USER_00743,男,其他,中,28,27,-21.407345,8.979658
USER_00744,女,其他,高,27,24,15.363044,15.090215
USER_00745,男,北京,中,18,13,-20.740356,-5.7553873
USER_00746,男,其他,低,36,7,20.499727,-16.331137
USER_00747,男,其他,低,24,2,20.238386,-2.5367465
USER_00748,女,深圳,高,30,43,3.467554,14.612431
USER_00749,男,其他,中,33,25,7.0029325,-1.5721368
USER_00750,未透露,其他,中,25,61,-18.954428,20.414978
USER_00751,男,其他,中,24,27,-11.436202,1.3552314
USER_00752,女,其他,中,32,12,-3.4697104,21.802284
USER_00753,女,其他,高,22,102,9.097681,22.362703
USER_00754,男,上海,中,24,2,-11.416952,1.3176113
USER_00755,女,深圳,中,40,8,-14.356341,1.9170979
USER_00756,女,其他,中,16,8,5.805468,-15.744343
USER_00757,男,上海,中,52,2,6.076204,10.634793
USER_00758,男,深圳,中,21,10,-10.918469,-24.396748
USER_00759,女,上海,中,28,13,-21.515127,9.08745
USER_00760,男,上海,中,39,87,9.809725,8.607261
USER_00761,女,其他,中,37,22,-2.6813407,7.665225
USER_00762,女,广州,高,23,245,9.138784,22.321781
USER_00763,男,其他,低,39,43,18.62966,-1.7856877
USER_00764,女,广州,中,45,48,-0.998571,-1.1187416
USER_00765,男,深圳,中,45,11,-1.0253334,-1.1178156
USER_00766,女,其他,低,34,40,21.668175,1.4592175
USER_00767,女,北京,低,39,14,18.671444,-1.8205159
USER_00768,女,北京,高,23,193,9.169754,22.29064
USER_00769,女,其他,中,42,46,-7.817242,-1.8502901
USER_00770,女,其他,中,52,16,6.076143,10.634672
USER_00771,女,上海,中,39,68,9.842539,8.640075
USER_00772,男,北京,高,27,46,15.359564,15.089711
USER_00773,女,北京,中,28,132,-21.45657,9.028906
USER_00774,男,湛江,高,16,4,15.817401,15.35069
USER_00775,男,北京,中,49,9,10.161563,8.963581
USER_00776,男,其他,低,16,2,23.179754,-13.186663
USER_00777,女,其他,中,22,4,-5.7555995,4.9444
USER_00778,女,广州,低,32,26,5.9316764,3.3618383
USER_00779,男,其他,中,54,115,-1.0847182,-0.92031014
USER_00780,女,其他,中,34,145,7.0951843,-0.77963644
USER_00781,男,北京,中,39,50,9.945426,8.743099
USER_00782,女,北京,中,18,19,-20.74997,-5.7652597
USER_00783,女,其他,中,22,25,-5.7617903,4.936814
USER_00784,女,其他,高,35,0,8.599751,30.94724
USER_00785,女,深圳,中,32,95,-3.4780567,21.793814
USER_00786,未透露,其他,中,28,4,-21.42284,8.995159
USER_00787,女,深圳,中,16,4,5.698041,-15.585753
USER_00788,男,北京,高,24,218,24.07799,18.814577
USER_00789,男,其他,低,25,18,20.130472,-2.4441428
USER_00790,男,其他,中,44,18,7.031814,-0.43347734
USER_00791,男,其他,高,52,60,3.2636976,15.841154
USER_00792,女,其他,中,40,65,-14.34641,1.9216343
USER_00793,女,上海,高,26,47,24.014051,18.75057
USER_00794,女,上海,高,16,165,15.8385935,15.457329
USER_00795,男,湛江,中,21,2,-10.899939,-24.378187
USER_00796,男,其他,中,33,13,7.113262,-1.6207043
USER_00797,女,其他,高,55,14,8.4170065,30.767756
USER_00798,男,其他,低,31,83,26.53011,4.9874554
USER_00799,女,其他,中,25,10,-18.970682,20.398706
USER_00800,女,其他,中,57,121,1.463941,-6.441583
USER_00801,男,广州,高,53,20,3.2313545,15.277265
USER_00802,女,深圳,中,44,30,7.0465193,-0.39717332
USER_00803,男,其他,中,34,174,7.0734777,-0.5746426
USER_00804,男,北京,中,20,35,-10.777712,-24.25577
USER_00805,男,其他,低,16,25,23.094288,-13.27212
USER_00806,男,其他,中,23,24,-0.19039927,-13.558534
USER_00807,女,深圳,中,34,154,7.098948,-0.78729105
USER_00808,男,湛江,中,38,43,-10.336669,19.022392
USER_00809,男,广州,高,18,66,26.202835,12.630783
USER_00810,男,北京,中,27,45,1.1527183,-6.2721834
USER_00811,女,其他,中,34,4,7.1518435,-0.8035131
USER_00812,女,其他,中,48,17,-10.253387,19.10518
USER_00813,男,上海,中,22,140,-5.765508,4.934414
USER_00814,女,其他,低,34,4,21.69087,1.5178331
USER_00815,男,其他,低,23,141,10.472272,-4.657581
USER_00816,男,其他,低,42,9,5.926932,3.367398
USER_00817,女,北京,中,63,137,7.296664,-2.0119627
USER_00818,女,湛江,低,38,150,17.008087,-1.8629186
USER_00819,男,其他,高,24,7,24.035082,18.771652
USER_00820,男,其他,中,42,2,-7.8101134,-1.857518
USER_00821,女,其他,中,28,2,-21.450481,9.022823
USER_00822,女,其他,中,16,21,5.563078,-15.75075
USER_00823,女,其他,低,46,45,20.544106,-16.37575
USER_00824,男,其他,中,38,46,-10.475214,18.884283
USER_00825,男,其他,中,48,37,-10.263696,19.095451
USER_00826,男,其他,高,49,29,9.239496,14.461392
USER_00827,男,上海,中,25,25,-18.965734,20.40368
USER_00828,女,湛江,中,30,91,-3.7306986,15.490191
USER_00829,男,其他,高,33,41,3.4755974,14.60137
USER_00830,女,其他,低,23,2,10.44529,-4.630777
USER_00831,男,北京,高,60,2,8.160255,14.879708
USER_00832,女,其他,中,39,4,9.861196,8.658444
USER_00833,男,北京,高,16,22,15.917487,15.361544
USER_00834,未透露,其他,低,33,7,21.667583,1.4696919
USER_00835,男,其他,高,18,33,26.21616,12.617442
USER_00836,男,北京,中,53,9,2.14204,-12.380855
USER_00837,男,其他,中,21,24,-10.872747,-24.350714
USER_00838,男,北京,高,45,79,8.544444,30.892658
USER_00839,女,其他,中,21,76,-10.872462,-24.350742
USER_00840,未透露,上海,低,16,88,23.20556,-13.160857
USER_00841,男,深圳,中,24,65,-11.44316,1.2548294
USER_00842,男,其他,低,44,81,21.669157,1.496826
USER_00843,女,北京,中,28,39,-21.50909,9.081355
USER_00844,男,其他,低,19,7,17.239847,6.9478354
USER_00845,女,深圳,高,54,33,8.363451,30.715366
USER_00846,男,深圳,中,17,42,0.3901068,-6.2893925
USER_00847,男,湛江,中,16,67,5.4671917,-15.590928
USER_00848,男,深圳,中,36,41,-12.416563,-14.552333
USER_00849,男,其他,中,39,47,9.832731,8.629992
USER_00850,女,北京,中,41,27,-6.4954996,-3.115221
USER_00851,女,其他,中,31,16,-24.544392,14.535299
USER_00852,女,北京,中,29,141,-7.519822,-13.215956
USER_00853,男,湛江,高,57,26,15.265327,15.005289
USER_00854,女,其他,高,60,1,8.167655,14.904838
USER_00855,女,其他,低,47,28,16.61819,-12.327457
USER_00856,女,其他,中,36,9,-12.4552145,-14.590429
USER_00857,男,上海,中,38,44,-10.453117,18.906342
USER_00858,男,其他,高,21,4,9.037432,22.42307
USER_00859,男,其他,中,23,83,-0.18806764,-13.538637
USER_00860,男,其他,中,16,80,5.5317883,-15.537394
USER_00861,女,北京,高,30,41,3.400953,14.679999
USER_00862,女,其他,低,43,289,14.294477,0.592107
USER_00863,女,广州,低,28,12,18.930153,-1.9651457
USER_00864,男,其他,中,37,56,-2.6483424,7.6311655
USER_00865,男,其他,中,22,11,-5.7675385,4.9323373
USER_00866,未透露,其他,低,16,18,23.200722,-13.165729
USER_00867,女,其他,中,30,7,-3.7059739,15.490557
USER_00868,女,其他,中,37,11,-2.5871089,7.5710764
USER_00869,女,广州,中,47,13,1.4772638,-6.450167
USER_00870,男,上海,高,41,76,2.3632116,14.917383
USER_00871,女,深圳,中,16,3,5.5715413,-15.652119
USER_00872,女,北京,中,18,19,-20.78392,-5.798914
USER_00873,女,其他,中,25,58,-19.000969,20.368402
USER_00874,女,其他,中,37,34,-2.6783283,7.662188
USER_00875,女,其他,高,53,98,3.225004,15.246519
USER_00876,男,其他,中,24,54,-11.378256,1.2706102
USER_00877,女,其他,低,41,7,14.172512,0.7122886
USER_00878,女,其他,中,26,14,-18.09916,2.0783129
USER_00879,女,上海,高,43,94,3.1824331,14.858546
USER_00880,男,上海,低,53,39,16.623262,-0.9247481
USER_00881,男,其他,中,21,88,-10.970113,-24.448513
USER_00882,女,其他,高,59,91,8.20909,14.936366
USER_00883,女,其他,中,36,5,-12.4683695,-14.604154
USER_00884,男,其他,高,48,162,26.170078,12.663592
USER_00885,女,其他,中,43,24,7.310535,-2.0356376
USER_00886,男,北京,中,23,186,-0.1781446,-13.565093
USER_00887,男,深圳,中,16,105,5.8212466,-15.4769535
USER_00888,女,其他,高,43,202,3.1721165,14.8571205
USER_00889,男,北京,中,16,27,5.765989,-15.605756
USER_00890,女,上海,低,52,52,16.680103,-0.97456586
USER_00891,男,湛江,中,33,19,7.111825,-1.6609845
USER_00892,女,其他,中,51,126,2.1196525,-12.403374
USER_00893,男,北京,中,16,0,5.5360785,-15.5569935
USER_00894,女,其他,中,27,9,1.1489987,-6.265772
USER_00895,男,北京,中,30,6,-3.7254956,15.462354
USER_00896,女,广州,中,40,48,-14.350577,1.927183
USER_00897,女,北京,高,45,81,8.654476,31.002195
USER_00898,男,深圳,中,26,35,-17.961777,2.216327
USER_00899,女,其他,高,29,224,12.012657,24.96592
USER_00900,女,其他,中,50,14,2.090535,-12.432678
USER_00901,女,其他,低,35,21,16.970993,-1.8312062
USER_00902,男,深圳,中,25,85,-18.90997,20.45978
USER_00903,男,其他,高,19,13,26.103788,12.729643
USER_00904,男,上海,中,22,17,-5.767683,4.9322357
USER_00905,男,深圳,低,31,20,26.494957,4.952098
USER_00906,男,其他,高,55,17,8.398137,30.749342
USER_00907,男,广州,高,27,50,15.402626,15.113301
USER_00908,男,北京,低,35,10,16.909056,-1.9201916
USER_00909,女,其他,高,29,96,11.997793,24.95101
USER_00910,男,其他,中,34,136,7.114127,-0.82546496
USER_00911,女,其他,低,24,17,20.211391,-2.5230958
USER_00912,男,深圳,中,21,8,-10.924603,-24.402655
USER_00913,女,上海,中,49,67,10.148423,8.950935
USER_00914,女,上海,中,32,4,-3.5232453,21.748545
USER_00915,男,深圳,高,40,2,2.3108742,14.933128
USER_00916,男,深圳,低,36,7,20.520876,-16.352457
USER_00917,女,北京,低,47,20,16.665081,-12.374422
USER_00918,女,上海,高,25,139,24.047478,18.784111
USER_00919,女,其他,中,17,50,0.36998767,-6.2437325
USER_00920,男,北京,中,18,84,-20.77668,-5.791704
USER_00921,男,北京,高,35,51,8.624843,30.972466
USER_00922,女,其他,中,19,86,-20.756903,-5.771911
USER_00923,男,湛江,低,28,57,18.965866,-1.9959198
USER_00924,男,其他,中,41,2,-6.483509,-3.1269789
USER_00925,女,上海,中,25,120,-18.92494,20.444471
USER_00926,男,湛江,高,28,18,26.280115,12.553577
USER_00927,女,上海,低,39,39,18.670717,-1.8167934
USER_00928,女,其他,中,22,10,-5.767606,4.9322405
USER_00929,男,其他,中,47,20,1.4754642,-6.44097
USER_00930,未透露,其他,中,24,106,-11.374404,1.2858254
USER_00931,男,上海,中,40,125,-14.340529,1.9320339
USER_00932,男,广州,低,22,29,10.435678,-4.621081
USER_00933,女,深圳,低,50,83,16.662598,-0.9847288
USER_00934,男,深圳,低,36,22,20.500202,-16.332079
USER_00935,女,其他,中,41,93,-6.5414386,-3.0693207
USER_00936,男,北京,中,39,56,9.800103,8.597565
USER_00937,男,其他,中,18,69,-20.819244,-5.83428
USER_00938,女,上海,中,37,69,-2.6766925,7.6609726
USER_00939,女,上海,低,21,114,10.45187,-4.637018
USER_00940,女,其他,中,16,29,5.4364915,-15.742093
USER_00941,男,上海,高,41,91,2.3313463,14.961766
USER_00942,女,上海,中,17,45,0.43221664,-6.2378926
USER_00943,女,其他,低,16,52,23.139978,-13.226461
USER_00944,男,其他,高,42,19,7.5487695,14.63838
USER_00945,女,其他,中,45,20,-0.97369856,-1.1423415
USER_00946,女,北京,中,30,94,-3.7905364,15.39838
USER_00947,男,深圳,高,35,50,8.670371,31.017647
USER_00948,男,上海,高,60,19,8.182619,14.893013
USER_00949,女,其他,中,39,63,10.073268,8.872818
USER_00950,女,其他,中,30,2,-3.8283014,15.363757
USER_00951,女,北京,中,61,45,-6.774201,-2.8297958
USER_00952,男,深圳,中,47,175,1.2995756,-6.352452
USER_00953,女,其他,中,16,54,5.806431,-15.65868
USER_00954,女,其他,中,36,37,-12.505644,-14.641318
USER_00955,男,其他,高,33,4,3.447969,14.622983
USER_00956,男,其他,中,38,16,-10.373104,18.986286
USER_00957,女,广州,低,32,19,5.9319453,3.361496
USER_00958,女,北京,中,41,20,-6.5032296,-3.1074784
USER_00959,女,北京,中,30,4,-3.727063,15.462617
USER_00960,未透露,其他,中,52,13,6.076106,10.634829
USER_00961,女,深圳,高,23,35,9.147452,22.313065
USER_00962,女,北京,中,24,6,-11.38963,1.3128524
USER_00963,男,北京,低,46,15,20.51935,-16.351183
USER_00964,男,北京,中,29,43,-7.584074,-13.280244
USER_00965,女,广州,中,28,5,-21.403671,8.976023
USER_00966,女,其他,低,22,100,10.457219,-4.642356
USER_00967,女,其他,中,23,32,-0.2140612,-13.528833
USER_00968,女,广州,中,57,129,1.4676958,-6.4409676
USER_00969,男,湛江,低,43,14,14.257313,0.6290301
USER_00970,男,其他,中,58,36,-12.131983,-14.274085
USER_00971,男,北京,低,48,4,17.129189,-1.8086507
USER_00972,女,其他,中,16,6,5.4770403,-15.8330965
USER_00973,女,其他,中,35,114,-5.6777005,11.335089
USER_00974,女,北京,中,42,11,-7.781569,-1.8859893
USER_00975,女,其他,中,21,70,-10.980829,-24.461958
USER_00976,男,上海,中,25,2,-18.948612,20.42083
USER_00977,男,湛江,高,28,73,26.301025,12.532724
USER_00978,男,其他,高,27,1,15.375899,15.102872
USER_00979,男,其他,低,32,122,5.929733,3.3636236
USER_00980,男,其他,高,21,136,9.090043,22.370457
USER_00981,女,其他,中,38,16,-10.441492,18.89369
USER_00982,男,其他,中,29,132,-7.4718666,-13.168089
USER_00983,男,其他,中,30,16,-3.790466,15.406566
USER_00984,男,其他,中,24,63,-11.323496,1.3862705
USER_00985,未透露,深圳,低,44,9,21.666162,1.4932847
USER_00986,女,上海,中,29,70,-7.527133,-13.223445
USER_00987,男,其他,中,21,3,-10.964332,-24.442827
USER_00988,男,湛江,高,40,21,2.2952335,14.929013
USER_00989,男,北京,中,52,27,6.07586,10.634937
USER_00990,女,深圳,中,44,0,6.9755597,-0.43269473
USER_00991,女,其他,高,33,27,3.4379961,14.648734
USER_00992,女,其他,中,31,43,-24.538095,14.541647
USER_00993,女,其他,中,16,170,5.815595,-15.449774
USER_00994,女,北京,低,25,32,20.170198,-2.5025437
USER_00995,男,其他,中,29,87,-7.4730453,-13.169299
USER_00996,女,北京,低,35,35,16.938505,-1.892603
USER_00997,男,湛江,低,20,6,17.148193,7.039378
USER_00998,男,其他,中,24,12,-11.413514,1.3084855
USER_00999,男,广州,低,16,110,23.205982,-13.1604395
USER_01000,男,其他,低,31,2,26.495365,4.948417
